extracting  24%extracting  48%extracting  73%extracting  99%extracting 100%[2m2026-08-19T15:27:54.188205Z[0m [34mDEBUG[0m [2munottr_core::media::ffmpeg[0m[2m:[0m extracted pcm [3mfile[0m[2m=[0m/home/naresh/Recordings/2026-08-18 11-32-12.mp4 [3mtrack[0m[2m=[0m0

[2m2026-08-19T15:27:54.189751Z[0m [32m INFO[0m [2munottr_core::db::migrations[0m[2m:[0m applied migration [3mversion[0m[2m=[0m1
[2m2026-08-19T15:27:54.190016Z[0m [32m INFO[0m [2munottr_core::db::migrations[0m[2m:[0m applied migration [3mversion[0m[2m=[0m2
[2m2026-08-19T15:27:54.190085Z[0m [32m INFO[0m [2munottr_core::db::migrations[0m[2m:[0m applied migration [3mversion[0m[2m=[0m3
[2m2026-08-19T15:27:54.190276Z[0m [32m INFO[0m [2munottr_core::db::migrations[0m[2m:[0m applied migration [3mversion[0m[2m=[0m4
whisper_vad_init_from_file_with_params: loading VAD model from '/tmp/unottr-fixtures/corpus-03/models/ggml-silero-v5.1.2.bin'
whisper_vad_init_with_params: model type: silero-16k
whisper_vad_init_with_params: model version: 5.1.2
whisper_vad_init_with_params: n_encoder_layers = 4
whisper_vad_init_with_params: encoder_in_channels[0] = 129
whisper_vad_init_with_params: encoder_in_channels[1] = 128
whisper_vad_init_with_params: encoder_in_channels[2] = 64
whisper_vad_init_with_params: encoder_in_channels[3] = 64
whisper_vad_init_with_params: encoder_out_channels[0] = 128
whisper_vad_init_with_params: encoder_out_channels[1] = 64
whisper_vad_init_with_params: encoder_out_channels[2] = 64
whisper_vad_init_with_params: encoder_out_channels[3] = 128
whisper_vad_init_with_params: lstm_input_size = 128
whisper_vad_init_with_params: lstm_hidden_size = 128
whisper_vad_init_with_params: final_conv_in = 128
whisper_vad_init_with_params: final_conv_out = 1
ggml_vulkan: Found 1 Vulkan devices:
ggml_vulkan: 0 = AMD Radeon RX 6700 XT (RADV NAVI22) (radv) | uma: 0 | fp16: 1 | bf16: 0 | warp size: 32 | shared memory: 65536 | int dot: 1 | matrix cores: none
whisper_vad_init_with_params:          CPU total size =     0.88 MB
whisper_vad_init_with_params: model size    =    0.88 MB
whisper_backend_init_gpu: no GPU found
whisper_vad_init_context: compute buffer (VAD)   =    1.60 MB
whisper_vad_segments_from_samples: detecting speech timestamps in 36285088 samples
whisper_vad_detect_speech: detecting speech in 36285088 samples
whisper_vad_detect_speech: n_chunks: 70870
whisper_vad_detect_speech: props size: 70870
whisper_vad_detect_speech: chunk_len: 160 < n_window: 512
whisper_vad_detect_speech: vad time = 9424.76 ms processing 36285088 samples
whisper_vad_segments_from_probs: detecting speech timestamps using 70870 probabilities
whisper_vad_segments_from_probs: Merged 142 adjacent segments, now have 793 segments
whisper_vad_segments_from_probs: Final speech segments after filtering: 793
whisper_vad_segments_from_probs: VAD segment 0: start = 0.13, end = 1.82 (duration: 1.69)
whisper_vad_segments_from_probs: VAD segment 1: start = 2.27, end = 5.34 (duration: 3.07)
whisper_vad_segments_from_probs: VAD segment 2: start = 5.79, end = 6.40 (duration: 0.61)
whisper_vad_segments_from_probs: VAD segment 3: start = 7.01, end = 7.58 (duration: 0.57)
whisper_vad_segments_from_probs: VAD segment 4: start = 7.94, end = 13.73 (duration: 5.79)
whisper_vad_segments_from_probs: VAD segment 5: start = 13.89, end = 15.20 (duration: 1.31)
whisper_vad_segments_from_probs: VAD segment 6: start = 15.55, end = 16.16 (duration: 0.61)
whisper_vad_segments_from_probs: VAD segment 7: start = 16.45, end = 17.57 (duration: 1.12)
whisper_vad_segments_from_probs: VAD segment 8: start = 18.34, end = 21.47 (duration: 3.13)
whisper_vad_segments_from_probs: VAD segment 9: start = 21.89, end = 22.30 (duration: 0.41)
whisper_vad_segments_from_probs: VAD segment 10: start = 22.66, end = 23.42 (duration: 0.76)
whisper_vad_segments_from_probs: VAD segment 11: start = 23.81, end = 25.28 (duration: 1.47)
whisper_vad_segments_from_probs: VAD segment 12: start = 25.47, end = 26.11 (duration: 0.64)
whisper_vad_segments_from_probs: VAD segment 13: start = 28.13, end = 29.15 (duration: 1.02)
whisper_vad_segments_from_probs: VAD segment 14: start = 29.47, end = 29.95 (duration: 0.48)
whisper_vad_segments_from_probs: VAD segment 15: start = 30.18, end = 38.21 (duration: 8.03)
whisper_vad_segments_from_probs: VAD segment 16: start = 40.16, end = 40.73 (duration: 0.57)
whisper_vad_segments_from_probs: VAD segment 17: start = 41.28, end = 42.88 (duration: 1.60)
whisper_vad_segments_from_probs: VAD segment 18: start = 45.19, end = 46.33 (duration: 1.14)
whisper_vad_segments_from_probs: VAD segment 19: start = 49.06, end = 49.44 (duration: 0.38)
whisper_vad_segments_from_probs: VAD segment 20: start = 50.31, end = 58.53 (duration: 8.22)
whisper_vad_segments_from_probs: VAD segment 21: start = 58.95, end = 59.58 (duration: 0.63)
whisper_vad_segments_from_probs: VAD segment 22: start = 60.00, end = 62.37 (duration: 2.37)
whisper_vad_segments_from_probs: VAD segment 23: start = 62.82, end = 63.33 (duration: 0.51)
whisper_vad_segments_from_probs: VAD segment 24: start = 63.62, end = 65.41 (duration: 1.79)
whisper_vad_segments_from_probs: VAD segment 25: start = 66.15, end = 67.71 (duration: 1.56)
whisper_vad_segments_from_probs: VAD segment 26: start = 71.01, end = 71.81 (duration: 0.80)
whisper_vad_segments_from_probs: VAD segment 27: start = 72.26, end = 74.24 (duration: 1.98)
whisper_vad_segments_from_probs: VAD segment 28: start = 75.01, end = 76.48 (duration: 1.47)
whisper_vad_segments_from_probs: VAD segment 29: start = 76.64, end = 80.29 (duration: 3.65)
whisper_vad_segments_from_probs: VAD segment 30: start = 80.48, end = 81.73 (duration: 1.25)
whisper_vad_segments_from_probs: VAD segment 31: start = 82.47, end = 83.07 (duration: 0.60)
whisper_vad_segments_from_probs: VAD segment 32: start = 83.55, end = 88.09 (duration: 4.54)
whisper_vad_segments_from_probs: VAD segment 33: start = 88.61, end = 89.09 (duration: 0.48)
whisper_vad_segments_from_probs: VAD segment 34: start = 89.67, end = 91.87 (duration: 2.20)
whisper_vad_segments_from_probs: VAD segment 35: start = 92.61, end = 92.99 (duration: 0.38)
whisper_vad_segments_from_probs: VAD segment 36: start = 93.22, end = 93.79 (duration: 0.57)
whisper_vad_segments_from_probs: VAD segment 37: start = 95.07, end = 96.54 (duration: 1.47)
whisper_vad_segments_from_probs: VAD segment 38: start = 97.63, end = 98.17 (duration: 0.54)
whisper_vad_segments_from_probs: VAD segment 39: start = 98.40, end = 100.67 (duration: 2.27)
whisper_vad_segments_from_probs: VAD segment 40: start = 101.09, end = 101.82 (duration: 0.73)
whisper_vad_segments_from_probs: VAD segment 41: start = 102.43, end = 102.91 (duration: 0.48)
whisper_vad_segments_from_probs: VAD segment 42: start = 105.35, end = 106.08 (duration: 0.73)
whisper_vad_segments_from_probs: VAD segment 43: start = 106.53, end = 108.19 (duration: 1.66)
whisper_vad_segments_from_probs: VAD segment 44: start = 108.55, end = 111.10 (duration: 2.55)
whisper_vad_segments_from_probs: VAD segment 45: start = 111.68, end = 113.09 (duration: 1.41)
whisper_vad_segments_from_probs: VAD segment 46: start = 114.34, end = 115.17 (duration: 0.83)
whisper_vad_segments_from_probs: VAD segment 47: start = 115.43, end = 117.60 (duration: 2.17)
whisper_vad_segments_from_probs: VAD segment 48: start = 118.75, end = 120.67 (duration: 1.92)
whisper_vad_segments_from_probs: VAD segment 49: start = 121.28, end = 124.45 (duration: 3.17)
whisper_vad_segments_from_probs: VAD segment 50: start = 124.99, end = 125.76 (duration: 0.77)
whisper_vad_segments_from_probs: VAD segment 51: start = 125.92, end = 126.97 (duration: 1.05)
whisper_vad_segments_from_probs: VAD segment 52: start = 127.30, end = 128.61 (duration: 1.31)
whisper_vad_segments_from_probs: VAD segment 53: start = 133.86, end = 136.13 (duration: 2.27)
whisper_vad_segments_from_probs: VAD segment 54: start = 137.31, end = 138.43 (duration: 1.12)
whisper_vad_segments_from_probs: VAD segment 55: start = 138.88, end = 140.89 (duration: 2.01)
whisper_vad_segments_from_probs: VAD segment 56: start = 141.44, end = 145.79 (duration: 4.35)
whisper_vad_segments_from_probs: VAD segment 57: start = 146.31, end = 146.97 (duration: 0.66)
whisper_vad_segments_from_probs: VAD segment 58: start = 147.14, end = 149.05 (duration: 1.91)
whisper_vad_segments_from_probs: VAD segment 59: start = 149.35, end = 150.14 (duration: 0.79)
whisper_vad_segments_from_probs: VAD segment 60: start = 150.63, end = 151.61 (duration: 0.98)
whisper_vad_segments_from_probs: VAD segment 61: start = 151.97, end = 153.41 (duration: 1.44)
whisper_vad_segments_from_probs: VAD segment 62: start = 153.76, end = 154.08 (duration: 0.32)
whisper_vad_segments_from_probs: VAD segment 63: start = 154.72, end = 155.58 (duration: 0.86)
whisper_vad_segments_from_probs: VAD segment 64: start = 157.25, end = 158.91 (duration: 1.66)
whisper_vad_segments_from_probs: VAD segment 65: start = 159.27, end = 159.71 (duration: 0.44)
whisper_vad_segments_from_probs: VAD segment 66: start = 160.55, end = 163.04 (duration: 2.49)
whisper_vad_segments_from_probs: VAD segment 67: start = 163.62, end = 165.63 (duration: 2.01)
whisper_vad_segments_from_probs: VAD segment 68: start = 165.89, end = 166.75 (duration: 0.86)
whisper_vad_segments_from_probs: VAD segment 69: start = 167.17, end = 168.25 (duration: 1.08)
whisper_vad_segments_from_probs: VAD segment 70: start = 168.48, end = 169.63 (duration: 1.15)
whisper_vad_segments_from_probs: VAD segment 71: start = 169.79, end = 170.72 (duration: 0.93)
whisper_vad_segments_from_probs: VAD segment 72: start = 170.95, end = 171.49 (duration: 0.54)
whisper_vad_segments_from_probs: VAD segment 73: start = 172.26, end = 172.86 (duration: 0.60)
whisper_vad_segments_from_probs: VAD segment 74: start = 173.63, end = 176.19 (duration: 2.56)
whisper_vad_segments_from_probs: VAD segment 75: start = 176.74, end = 177.12 (duration: 0.38)
whisper_vad_segments_from_probs: VAD segment 76: start = 177.83, end = 180.83 (duration: 3.00)
whisper_vad_segments_from_probs: VAD segment 77: start = 181.38, end = 185.28 (duration: 3.90)
whisper_vad_segments_from_probs: VAD segment 78: start = 185.63, end = 186.91 (duration: 1.28)
whisper_vad_segments_from_probs: VAD segment 79: start = 187.39, end = 190.91 (duration: 3.52)
whisper_vad_segments_from_probs: VAD segment 80: start = 192.13, end = 192.45 (duration: 0.32)
whisper_vad_segments_from_probs: VAD segment 81: start = 193.99, end = 194.62 (duration: 0.63)
whisper_vad_segments_from_probs: VAD segment 82: start = 194.79, end = 195.20 (duration: 0.41)
whisper_vad_segments_from_probs: VAD segment 83: start = 195.52, end = 197.69 (duration: 2.17)
whisper_vad_segments_from_probs: VAD segment 84: start = 198.02, end = 199.68 (duration: 1.66)
whisper_vad_segments_from_probs: VAD segment 85: start = 200.26, end = 200.57 (duration: 0.31)
whisper_vad_segments_from_probs: VAD segment 86: start = 202.79, end = 207.23 (duration: 4.44)
whisper_vad_segments_from_probs: VAD segment 87: start = 207.55, end = 208.13 (duration: 0.58)
whisper_vad_segments_from_probs: VAD segment 88: start = 208.58, end = 212.13 (duration: 3.55)
whisper_vad_segments_from_probs: VAD segment 89: start = 212.29, end = 214.21 (duration: 1.92)
whisper_vad_segments_from_probs: VAD segment 90: start = 214.43, end = 214.78 (duration: 0.35)
whisper_vad_segments_from_probs: VAD segment 91: start = 215.07, end = 218.46 (duration: 3.39)
whisper_vad_segments_from_probs: VAD segment 92: start = 219.81, end = 220.16 (duration: 0.35)
whisper_vad_segments_from_probs: VAD segment 93: start = 223.07, end = 225.28 (duration: 2.21)
whisper_vad_segments_from_probs: VAD segment 94: start = 225.63, end = 228.89 (duration: 3.26)
whisper_vad_segments_from_probs: VAD segment 95: start = 230.05, end = 232.00 (duration: 1.95)
whisper_vad_segments_from_probs: VAD segment 96: start = 232.29, end = 232.83 (duration: 0.54)
whisper_vad_segments_from_probs: VAD segment 97: start = 233.22, end = 234.24 (duration: 1.02)
whisper_vad_segments_from_probs: VAD segment 98: start = 235.20, end = 236.93 (duration: 1.73)
whisper_vad_segments_from_probs: VAD segment 99: start = 237.31, end = 237.76 (duration: 0.45)
whisper_vad_segments_from_probs: VAD segment 100: start = 238.47, end = 241.89 (duration: 3.42)
whisper_vad_segments_from_probs: VAD segment 101: start = 242.43, end = 247.49 (duration: 5.06)
whisper_vad_segments_from_probs: VAD segment 102: start = 248.03, end = 250.27 (duration: 2.24)
whisper_vad_segments_from_probs: VAD segment 103: start = 250.69, end = 258.24 (duration: 7.55)
whisper_vad_segments_from_probs: VAD segment 104: start = 258.47, end = 260.16 (duration: 1.69)
whisper_vad_segments_from_probs: VAD segment 105: start = 260.61, end = 262.05 (duration: 1.44)
whisper_vad_segments_from_probs: VAD segment 106: start = 262.40, end = 272.73 (duration: 10.33)
whisper_vad_segments_from_probs: VAD segment 107: start = 273.35, end = 274.94 (duration: 1.59)
whisper_vad_segments_from_probs: VAD segment 108: start = 275.59, end = 281.89 (duration: 6.30)
whisper_vad_segments_from_probs: VAD segment 109: start = 282.18, end = 285.41 (duration: 3.23)
whisper_vad_segments_from_probs: VAD segment 110: start = 285.73, end = 291.10 (duration: 5.37)
whisper_vad_segments_from_probs: VAD segment 111: start = 291.43, end = 294.56 (duration: 3.13)
whisper_vad_segments_from_probs: VAD segment 112: start = 295.11, end = 300.93 (duration: 5.82)
whisper_vad_segments_from_probs: VAD segment 113: start = 301.35, end = 302.27 (duration: 0.92)
whisper_vad_segments_from_probs: VAD segment 114: start = 302.63, end = 305.63 (duration: 3.00)
whisper_vad_segments_from_probs: VAD segment 115: start = 306.15, end = 307.42 (duration: 1.27)
whisper_vad_segments_from_probs: VAD segment 116: start = 308.96, end = 309.79 (duration: 0.83)
whisper_vad_segments_from_probs: VAD segment 117: start = 310.08, end = 310.56 (duration: 0.48)
whisper_vad_segments_from_probs: VAD segment 118: start = 321.03, end = 322.37 (duration: 1.34)
whisper_vad_segments_from_probs: VAD segment 119: start = 322.56, end = 323.65 (duration: 1.09)
whisper_vad_segments_from_probs: VAD segment 120: start = 324.16, end = 324.73 (duration: 0.57)
whisper_vad_segments_from_probs: VAD segment 121: start = 324.93, end = 325.66 (duration: 0.73)
whisper_vad_segments_from_probs: VAD segment 122: start = 325.95, end = 327.45 (duration: 1.50)
whisper_vad_segments_from_probs: VAD segment 123: start = 329.22, end = 329.57 (duration: 0.35)
whisper_vad_segments_from_probs: VAD segment 124: start = 331.27, end = 334.05 (duration: 2.78)
whisper_vad_segments_from_probs: VAD segment 125: start = 334.59, end = 337.18 (duration: 2.59)
whisper_vad_segments_from_probs: VAD segment 126: start = 338.02, end = 341.28 (duration: 3.26)
whisper_vad_segments_from_probs: VAD segment 127: start = 342.40, end = 344.06 (duration: 1.66)
whisper_vad_segments_from_probs: VAD segment 128: start = 345.41, end = 347.55 (duration: 2.14)
whisper_vad_segments_from_probs: VAD segment 129: start = 348.87, end = 349.25 (duration: 0.38)
whisper_vad_segments_from_probs: VAD segment 130: start = 350.47, end = 350.78 (duration: 0.31)
whisper_vad_segments_from_probs: VAD segment 131: start = 351.46, end = 355.87 (duration: 4.41)
whisper_vad_segments_from_probs: VAD segment 132: start = 356.03, end = 358.59 (duration: 2.56)
whisper_vad_segments_from_probs: VAD segment 133: start = 359.49, end = 360.48 (duration: 0.99)
whisper_vad_segments_from_probs: VAD segment 134: start = 360.74, end = 361.73 (duration: 0.99)
whisper_vad_segments_from_probs: VAD segment 135: start = 362.66, end = 364.93 (duration: 2.27)
whisper_vad_segments_from_probs: VAD segment 136: start = 365.63, end = 367.01 (duration: 1.38)
whisper_vad_segments_from_probs: VAD segment 137: start = 367.33, end = 369.66 (duration: 2.33)
whisper_vad_segments_from_probs: VAD segment 138: start = 371.75, end = 374.59 (duration: 2.84)
whisper_vad_segments_from_probs: VAD segment 139: start = 375.78, end = 377.66 (duration: 1.88)
whisper_vad_segments_from_probs: VAD segment 140: start = 377.83, end = 379.84 (duration: 2.01)
whisper_vad_segments_from_probs: VAD segment 141: start = 393.25, end = 394.94 (duration: 1.69)
whisper_vad_segments_from_probs: VAD segment 142: start = 395.55, end = 396.93 (duration: 1.38)
whisper_vad_segments_from_probs: VAD segment 143: start = 397.12, end = 400.77 (duration: 3.65)
whisper_vad_segments_from_probs: VAD segment 144: start = 400.96, end = 402.27 (duration: 1.31)
whisper_vad_segments_from_probs: VAD segment 145: start = 402.69, end = 404.16 (duration: 1.47)
whisper_vad_segments_from_probs: VAD segment 146: start = 404.93, end = 405.50 (duration: 0.57)
whisper_vad_segments_from_probs: VAD segment 147: start = 405.76, end = 406.72 (duration: 0.96)
whisper_vad_segments_from_probs: VAD segment 148: start = 407.20, end = 410.05 (duration: 2.85)
whisper_vad_segments_from_probs: VAD segment 149: start = 410.98, end = 413.60 (duration: 2.62)
whisper_vad_segments_from_probs: VAD segment 150: start = 413.76, end = 415.61 (duration: 1.85)
whisper_vad_segments_from_probs: VAD segment 151: start = 416.26, end = 418.08 (duration: 1.82)
whisper_vad_segments_from_probs: VAD segment 152: start = 419.07, end = 420.67 (duration: 1.60)
whisper_vad_segments_from_probs: VAD segment 153: start = 421.38, end = 422.05 (duration: 0.67)
whisper_vad_segments_from_probs: VAD segment 154: start = 422.27, end = 424.96 (duration: 2.69)
whisper_vad_segments_from_probs: VAD segment 155: start = 426.18, end = 426.72 (duration: 0.54)
whisper_vad_segments_from_probs: VAD segment 156: start = 427.68, end = 429.50 (duration: 1.82)
whisper_vad_segments_from_probs: VAD segment 157: start = 430.18, end = 431.84 (duration: 1.66)
whisper_vad_segments_from_probs: VAD segment 158: start = 434.82, end = 435.26 (duration: 0.44)
whisper_vad_segments_from_probs: VAD segment 159: start = 435.55, end = 437.37 (duration: 1.82)
whisper_vad_segments_from_probs: VAD segment 160: start = 437.79, end = 438.78 (duration: 0.99)
whisper_vad_segments_from_probs: VAD segment 161: start = 440.03, end = 442.11 (duration: 2.08)
whisper_vad_segments_from_probs: VAD segment 162: start = 442.43, end = 443.81 (duration: 1.38)
whisper_vad_segments_from_probs: VAD segment 163: start = 444.64, end = 446.59 (duration: 1.95)
whisper_vad_segments_from_probs: VAD segment 164: start = 449.09, end = 450.43 (duration: 1.34)
whisper_vad_segments_from_probs: VAD segment 165: start = 452.03, end = 453.25 (duration: 1.22)
whisper_vad_segments_from_probs: VAD segment 166: start = 455.07, end = 456.89 (duration: 1.82)
whisper_vad_segments_from_probs: VAD segment 167: start = 457.22, end = 458.62 (duration: 1.40)
whisper_vad_segments_from_probs: VAD segment 168: start = 458.95, end = 459.39 (duration: 0.44)
whisper_vad_segments_from_probs: VAD segment 169: start = 459.59, end = 461.28 (duration: 1.69)
whisper_vad_segments_from_probs: VAD segment 170: start = 461.51, end = 462.81 (duration: 1.30)
whisper_vad_segments_from_probs: VAD segment 171: start = 463.14, end = 463.84 (duration: 0.70)
whisper_vad_segments_from_probs: VAD segment 172: start = 464.13, end = 465.12 (duration: 0.99)
whisper_vad_segments_from_probs: VAD segment 173: start = 465.63, end = 466.43 (duration: 0.80)
whisper_vad_segments_from_probs: VAD segment 174: start = 468.83, end = 469.63 (duration: 0.80)
whisper_vad_segments_from_probs: VAD segment 175: start = 470.50, end = 471.01 (duration: 0.51)
whisper_vad_segments_from_probs: VAD segment 176: start = 471.75, end = 485.31 (duration: 13.56)
whisper_vad_segments_from_probs: VAD segment 177: start = 486.63, end = 488.54 (duration: 1.91)
whisper_vad_segments_from_probs: VAD segment 178: start = 488.96, end = 491.90 (duration: 2.94)
whisper_vad_segments_from_probs: VAD segment 179: start = 492.23, end = 494.33 (duration: 2.10)
whisper_vad_segments_from_probs: VAD segment 180: start = 494.85, end = 495.23 (duration: 0.38)
whisper_vad_segments_from_probs: VAD segment 181: start = 495.62, end = 498.72 (duration: 3.10)
whisper_vad_segments_from_probs: VAD segment 182: start = 499.20, end = 500.35 (duration: 1.15)
whisper_vad_segments_from_probs: VAD segment 183: start = 501.03, end = 501.85 (duration: 0.82)
whisper_vad_segments_from_probs: VAD segment 184: start = 502.34, end = 506.05 (duration: 3.71)
whisper_vad_segments_from_probs: VAD segment 185: start = 506.40, end = 508.19 (duration: 1.79)
whisper_vad_segments_from_probs: VAD segment 186: start = 508.67, end = 510.56 (duration: 1.89)
whisper_vad_segments_from_probs: VAD segment 187: start = 510.95, end = 512.03 (duration: 1.08)
whisper_vad_segments_from_probs: VAD segment 188: start = 512.26, end = 512.89 (duration: 0.63)
whisper_vad_segments_from_probs: VAD segment 189: start = 513.06, end = 516.51 (duration: 3.45)
whisper_vad_segments_from_probs: VAD segment 190: start = 517.38, end = 521.34 (duration: 3.96)
whisper_vad_segments_from_probs: VAD segment 191: start = 521.83, end = 526.24 (duration: 4.41)
whisper_vad_segments_from_probs: VAD segment 192: start = 526.56, end = 529.79 (duration: 3.23)
whisper_vad_segments_from_probs: VAD segment 193: start = 530.11, end = 532.96 (duration: 2.85)
whisper_vad_segments_from_probs: VAD segment 194: start = 533.31, end = 535.04 (duration: 1.73)
whisper_vad_segments_from_probs: VAD segment 195: start = 535.36, end = 537.95 (duration: 2.59)
whisper_vad_segments_from_probs: VAD segment 196: start = 538.15, end = 540.89 (duration: 2.74)
whisper_vad_segments_from_probs: VAD segment 197: start = 541.12, end = 544.45 (duration: 3.33)
whisper_vad_segments_from_probs: VAD segment 198: start = 544.71, end = 546.43 (duration: 1.72)
whisper_vad_segments_from_probs: VAD segment 199: start = 546.82, end = 549.25 (duration: 2.43)
whisper_vad_segments_from_probs: VAD segment 200: start = 549.51, end = 552.45 (duration: 2.94)
whisper_vad_segments_from_probs: VAD segment 201: start = 552.64, end = 554.65 (duration: 2.01)
whisper_vad_segments_from_probs: VAD segment 202: start = 554.85, end = 557.47 (duration: 2.62)
whisper_vad_segments_from_probs: VAD segment 203: start = 557.86, end = 559.77 (duration: 1.91)
whisper_vad_segments_from_probs: VAD segment 204: start = 559.94, end = 561.73 (duration: 1.79)
whisper_vad_segments_from_probs: VAD segment 205: start = 561.92, end = 562.88 (duration: 0.96)
whisper_vad_segments_from_probs: VAD segment 206: start = 563.11, end = 564.00 (duration: 0.89)
whisper_vad_segments_from_probs: VAD segment 207: start = 564.71, end = 566.72 (duration: 2.01)
whisper_vad_segments_from_probs: VAD segment 208: start = 567.07, end = 569.73 (duration: 2.66)
whisper_vad_segments_from_probs: VAD segment 209: start = 570.02, end = 572.19 (duration: 2.17)
whisper_vad_segments_from_probs: VAD segment 210: start = 572.67, end = 573.95 (duration: 1.28)
whisper_vad_segments_from_probs: VAD segment 211: start = 574.27, end = 577.12 (duration: 2.85)
whisper_vad_segments_from_probs: VAD segment 212: start = 577.54, end = 579.58 (duration: 2.04)
whisper_vad_segments_from_probs: VAD segment 213: start = 579.87, end = 580.73 (duration: 0.86)
whisper_vad_segments_from_probs: VAD segment 214: start = 581.06, end = 584.29 (duration: 3.23)
whisper_vad_segments_from_probs: VAD segment 215: start = 584.61, end = 588.35 (duration: 3.74)
whisper_vad_segments_from_probs: VAD segment 216: start = 588.77, end = 607.36 (duration: 18.59)
whisper_vad_segments_from_probs: VAD segment 217: start = 607.52, end = 608.93 (duration: 1.41)
whisper_vad_segments_from_probs: VAD segment 218: start = 609.41, end = 611.26 (duration: 1.85)
whisper_vad_segments_from_probs: VAD segment 219: start = 611.49, end = 615.90 (duration: 4.41)
whisper_vad_segments_from_probs: VAD segment 220: start = 616.23, end = 617.37 (duration: 1.14)
whisper_vad_segments_from_probs: VAD segment 221: start = 618.43, end = 620.67 (duration: 2.24)
whisper_vad_segments_from_probs: VAD segment 222: start = 620.87, end = 624.73 (duration: 3.86)
whisper_vad_segments_from_probs: VAD segment 223: start = 625.28, end = 625.73 (duration: 0.45)
whisper_vad_segments_from_probs: VAD segment 224: start = 626.82, end = 628.61 (duration: 1.79)
whisper_vad_segments_from_probs: VAD segment 225: start = 628.77, end = 629.47 (duration: 0.70)
whisper_vad_segments_from_probs: VAD segment 226: start = 629.99, end = 631.84 (duration: 1.85)
whisper_vad_segments_from_probs: VAD segment 227: start = 632.26, end = 632.70 (duration: 0.44)
whisper_vad_segments_from_probs: VAD segment 228: start = 633.09, end = 636.09 (duration: 3.00)
whisper_vad_segments_from_probs: VAD segment 229: start = 636.61, end = 637.34 (duration: 0.73)
whisper_vad_segments_from_probs: VAD segment 230: start = 637.51, end = 637.89 (duration: 0.38)
whisper_vad_segments_from_probs: VAD segment 231: start = 638.21, end = 638.78 (duration: 0.57)
whisper_vad_segments_from_probs: VAD segment 232: start = 639.55, end = 641.37 (duration: 1.82)
whisper_vad_segments_from_probs: VAD segment 233: start = 641.67, end = 643.26 (duration: 1.59)
whisper_vad_segments_from_probs: VAD segment 234: start = 643.46, end = 644.22 (duration: 0.76)
whisper_vad_segments_from_probs: VAD segment 235: start = 645.15, end = 646.78 (duration: 1.63)
whisper_vad_segments_from_probs: VAD segment 236: start = 646.95, end = 648.19 (duration: 1.24)
whisper_vad_segments_from_probs: VAD segment 237: start = 648.77, end = 649.37 (duration: 0.60)
whisper_vad_segments_from_probs: VAD segment 238: start = 649.54, end = 656.25 (duration: 6.71)
whisper_vad_segments_from_probs: VAD segment 239: start = 656.71, end = 658.75 (duration: 2.04)
whisper_vad_segments_from_probs: VAD segment 240: start = 659.04, end = 661.41 (duration: 2.37)
whisper_vad_segments_from_probs: VAD segment 241: start = 661.89, end = 664.16 (duration: 2.27)
whisper_vad_segments_from_probs: VAD segment 242: start = 665.41, end = 666.53 (duration: 1.12)
whisper_vad_segments_from_probs: VAD segment 243: start = 666.69, end = 667.77 (duration: 1.08)
whisper_vad_segments_from_probs: VAD segment 244: start = 668.13, end = 670.37 (duration: 2.24)
whisper_vad_segments_from_probs: VAD segment 245: start = 670.75, end = 671.61 (duration: 0.86)
whisper_vad_segments_from_probs: VAD segment 246: start = 671.94, end = 673.85 (duration: 1.91)
whisper_vad_segments_from_probs: VAD segment 247: start = 674.27, end = 676.77 (duration: 2.50)
whisper_vad_segments_from_probs: VAD segment 248: start = 676.93, end = 677.37 (duration: 0.44)
whisper_vad_segments_from_probs: VAD segment 249: start = 677.63, end = 684.38 (duration: 6.75)
whisper_vad_segments_from_probs: VAD segment 250: start = 684.74, end = 685.37 (duration: 0.63)
whisper_vad_segments_from_probs: VAD segment 251: start = 685.83, end = 686.72 (duration: 0.89)
whisper_vad_segments_from_probs: VAD segment 252: start = 686.95, end = 688.13 (duration: 1.18)
whisper_vad_segments_from_probs: VAD segment 253: start = 688.42, end = 691.61 (duration: 3.19)
whisper_vad_segments_from_probs: VAD segment 254: start = 692.16, end = 694.78 (duration: 2.62)
whisper_vad_segments_from_probs: VAD segment 255: start = 695.04, end = 697.76 (duration: 2.72)
whisper_vad_segments_from_probs: VAD segment 256: start = 698.18, end = 700.22 (duration: 2.04)
whisper_vad_segments_from_probs: VAD segment 257: start = 700.39, end = 700.83 (duration: 0.44)
whisper_vad_segments_from_probs: VAD segment 258: start = 702.56, end = 703.93 (duration: 1.37)
whisper_vad_segments_from_probs: VAD segment 259: start = 704.87, end = 706.14 (duration: 1.27)
whisper_vad_segments_from_probs: VAD segment 260: start = 706.50, end = 709.60 (duration: 3.10)
whisper_vad_segments_from_probs: VAD segment 261: start = 709.92, end = 710.53 (duration: 0.61)
whisper_vad_segments_from_probs: VAD segment 262: start = 711.20, end = 713.79 (duration: 2.59)
whisper_vad_segments_from_probs: VAD segment 263: start = 714.24, end = 716.29 (duration: 2.05)
whisper_vad_segments_from_probs: VAD segment 264: start = 716.45, end = 718.91 (duration: 2.46)
whisper_vad_segments_from_probs: VAD segment 265: start = 719.87, end = 723.68 (duration: 3.81)
whisper_vad_segments_from_probs: VAD segment 266: start = 724.07, end = 725.25 (duration: 1.18)
whisper_vad_segments_from_probs: VAD segment 267: start = 725.63, end = 726.69 (duration: 1.06)
whisper_vad_segments_from_probs: VAD segment 268: start = 726.85, end = 728.32 (duration: 1.47)
whisper_vad_segments_from_probs: VAD segment 269: start = 729.15, end = 730.69 (duration: 1.54)
whisper_vad_segments_from_probs: VAD segment 270: start = 731.14, end = 732.83 (duration: 1.69)
whisper_vad_segments_from_probs: VAD segment 271: start = 734.79, end = 735.61 (duration: 0.82)
whisper_vad_segments_from_probs: VAD segment 272: start = 735.78, end = 738.69 (duration: 2.91)
whisper_vad_segments_from_probs: VAD segment 273: start = 739.81, end = 741.25 (duration: 1.44)
whisper_vad_segments_from_probs: VAD segment 274: start = 741.41, end = 742.97 (duration: 1.56)
whisper_vad_segments_from_probs: VAD segment 275: start = 743.14, end = 744.89 (duration: 1.75)
whisper_vad_segments_from_probs: VAD segment 276: start = 745.44, end = 747.77 (duration: 2.33)
whisper_vad_segments_from_probs: VAD segment 277: start = 748.45, end = 750.17 (duration: 1.72)
whisper_vad_segments_from_probs: VAD segment 278: start = 750.37, end = 752.00 (duration: 1.63)
whisper_vad_segments_from_probs: VAD segment 279: start = 752.26, end = 753.60 (duration: 1.34)
whisper_vad_segments_from_probs: VAD segment 280: start = 753.83, end = 754.37 (duration: 0.54)
whisper_vad_segments_from_probs: VAD segment 281: start = 754.56, end = 756.67 (duration: 2.11)
whisper_vad_segments_from_probs: VAD segment 282: start = 757.06, end = 758.11 (duration: 1.05)
whisper_vad_segments_from_probs: VAD segment 283: start = 758.37, end = 760.19 (duration: 1.82)
whisper_vad_segments_from_probs: VAD segment 284: start = 761.03, end = 765.47 (duration: 4.44)
whisper_vad_segments_from_probs: VAD segment 285: start = 765.79, end = 766.37 (duration: 0.58)
whisper_vad_segments_from_probs: VAD segment 286: start = 766.98, end = 768.45 (duration: 1.47)
whisper_vad_segments_from_probs: VAD segment 287: start = 768.77, end = 771.17 (duration: 2.40)
whisper_vad_segments_from_probs: VAD segment 288: start = 771.62, end = 772.86 (duration: 1.24)
whisper_vad_segments_from_probs: VAD segment 289: start = 773.35, end = 774.91 (duration: 1.56)
whisper_vad_segments_from_probs: VAD segment 290: start = 775.30, end = 777.41 (duration: 2.11)
whisper_vad_segments_from_probs: VAD segment 291: start = 777.79, end = 779.97 (duration: 2.18)
whisper_vad_segments_from_probs: VAD segment 292: start = 780.51, end = 781.57 (duration: 1.06)
whisper_vad_segments_from_probs: VAD segment 293: start = 781.79, end = 782.17 (duration: 0.38)
whisper_vad_segments_from_probs: VAD segment 294: start = 782.79, end = 787.84 (duration: 5.05)
whisper_vad_segments_from_probs: VAD segment 295: start = 788.26, end = 788.93 (duration: 0.67)
whisper_vad_segments_from_probs: VAD segment 296: start = 789.31, end = 792.29 (duration: 2.98)
whisper_vad_segments_from_probs: VAD segment 297: start = 792.77, end = 794.05 (duration: 1.28)
whisper_vad_segments_from_probs: VAD segment 298: start = 794.24, end = 794.94 (duration: 0.70)
whisper_vad_segments_from_probs: VAD segment 299: start = 795.11, end = 796.00 (duration: 0.89)
whisper_vad_segments_from_probs: VAD segment 300: start = 796.26, end = 797.92 (duration: 1.66)
whisper_vad_segments_from_probs: VAD segment 301: start = 798.24, end = 799.49 (duration: 1.25)
whisper_vad_segments_from_probs: VAD segment 302: start = 799.87, end = 800.19 (duration: 0.32)
whisper_vad_segments_from_probs: VAD segment 303: start = 800.51, end = 802.14 (duration: 1.63)
whisper_vad_segments_from_probs: VAD segment 304: start = 802.50, end = 803.97 (duration: 1.47)
whisper_vad_segments_from_probs: VAD segment 305: start = 804.29, end = 805.09 (duration: 0.80)
whisper_vad_segments_from_probs: VAD segment 306: start = 805.38, end = 808.70 (duration: 3.32)
whisper_vad_segments_from_probs: VAD segment 307: start = 809.03, end = 810.62 (duration: 1.59)
whisper_vad_segments_from_probs: VAD segment 308: start = 811.01, end = 811.52 (duration: 0.51)
whisper_vad_segments_from_probs: VAD segment 309: start = 812.03, end = 814.37 (duration: 2.34)
whisper_vad_segments_from_probs: VAD segment 310: start = 814.59, end = 817.41 (duration: 2.82)
whisper_vad_segments_from_probs: VAD segment 311: start = 817.57, end = 818.59 (duration: 1.02)
whisper_vad_segments_from_probs: VAD segment 312: start = 819.20, end = 821.28 (duration: 2.08)
whisper_vad_segments_from_probs: VAD segment 313: start = 821.86, end = 822.88 (duration: 1.02)
whisper_vad_segments_from_probs: VAD segment 314: start = 823.27, end = 825.95 (duration: 2.68)
whisper_vad_segments_from_probs: VAD segment 315: start = 826.59, end = 828.25 (duration: 1.66)
whisper_vad_segments_from_probs: VAD segment 316: start = 828.80, end = 833.53 (duration: 4.73)
whisper_vad_segments_from_probs: VAD segment 317: start = 833.95, end = 836.16 (duration: 2.21)
whisper_vad_segments_from_probs: VAD segment 318: start = 836.74, end = 837.09 (duration: 0.35)
whisper_vad_segments_from_probs: VAD segment 319: start = 839.11, end = 839.45 (duration: 0.34)
whisper_vad_segments_from_probs: VAD segment 320: start = 840.00, end = 841.31 (duration: 1.31)
whisper_vad_segments_from_probs: VAD segment 321: start = 841.70, end = 856.45 (duration: 14.75)
whisper_vad_segments_from_probs: VAD segment 322: start = 857.51, end = 859.13 (duration: 1.62)
whisper_vad_segments_from_probs: VAD segment 323: start = 859.30, end = 860.41 (duration: 1.11)
whisper_vad_segments_from_probs: VAD segment 324: start = 860.74, end = 861.47 (duration: 0.73)
whisper_vad_segments_from_probs: VAD segment 325: start = 861.73, end = 863.61 (duration: 1.88)
whisper_vad_segments_from_probs: VAD segment 326: start = 868.71, end = 869.60 (duration: 0.89)
whisper_vad_segments_from_probs: VAD segment 327: start = 869.79, end = 870.75 (duration: 0.96)
whisper_vad_segments_from_probs: VAD segment 328: start = 870.91, end = 873.95 (duration: 3.04)
whisper_vad_segments_from_probs: VAD segment 329: start = 874.15, end = 876.09 (duration: 1.94)
whisper_vad_segments_from_probs: VAD segment 330: start = 876.29, end = 879.10 (duration: 2.81)
whisper_vad_segments_from_probs: VAD segment 331: start = 880.19, end = 881.69 (duration: 1.50)
whisper_vad_segments_from_probs: VAD segment 332: start = 882.31, end = 883.93 (duration: 1.62)
whisper_vad_segments_from_probs: VAD segment 333: start = 884.39, end = 885.63 (duration: 1.24)
whisper_vad_segments_from_probs: VAD segment 334: start = 886.59, end = 887.13 (duration: 0.54)
whisper_vad_segments_from_probs: VAD segment 335: start = 887.59, end = 890.97 (duration: 3.38)
whisper_vad_segments_from_probs: VAD segment 336: start = 891.20, end = 893.57 (duration: 2.37)
whisper_vad_segments_from_probs: VAD segment 337: start = 894.79, end = 895.17 (duration: 0.38)
whisper_vad_segments_from_probs: VAD segment 338: start = 896.10, end = 897.18 (duration: 1.08)
whisper_vad_segments_from_probs: VAD segment 339: start = 898.08, end = 898.88 (duration: 0.80)
whisper_vad_segments_from_probs: VAD segment 340: start = 899.55, end = 899.90 (duration: 0.35)
whisper_vad_segments_from_probs: VAD segment 341: start = 900.13, end = 902.37 (duration: 2.24)
whisper_vad_segments_from_probs: VAD segment 342: start = 902.56, end = 904.48 (duration: 1.92)
whisper_vad_segments_from_probs: VAD segment 343: start = 905.57, end = 907.45 (duration: 1.88)
whisper_vad_segments_from_probs: VAD segment 344: start = 908.10, end = 909.28 (duration: 1.18)
whisper_vad_segments_from_probs: VAD segment 345: start = 913.92, end = 914.75 (duration: 0.83)
whisper_vad_segments_from_probs: VAD segment 346: start = 915.11, end = 916.38 (duration: 1.27)
whisper_vad_segments_from_probs: VAD segment 347: start = 916.83, end = 918.91 (duration: 2.08)
whisper_vad_segments_from_probs: VAD segment 348: start = 919.14, end = 921.09 (duration: 1.95)
whisper_vad_segments_from_probs: VAD segment 349: start = 921.54, end = 926.59 (duration: 5.05)
whisper_vad_segments_from_probs: VAD segment 350: start = 927.14, end = 927.93 (duration: 0.79)
whisper_vad_segments_from_probs: VAD segment 351: start = 928.13, end = 928.54 (duration: 0.41)
whisper_vad_segments_from_probs: VAD segment 352: start = 929.09, end = 929.57 (duration: 0.48)
whisper_vad_segments_from_probs: VAD segment 353: start = 930.66, end = 931.87 (duration: 1.21)
whisper_vad_segments_from_probs: VAD segment 354: start = 932.42, end = 934.08 (duration: 1.66)
whisper_vad_segments_from_probs: VAD segment 355: start = 934.79, end = 938.01 (duration: 3.22)
whisper_vad_segments_from_probs: VAD segment 356: start = 939.30, end = 939.68 (duration: 0.38)
whisper_vad_segments_from_probs: VAD segment 357: start = 940.16, end = 940.77 (duration: 0.61)
whisper_vad_segments_from_probs: VAD segment 358: start = 941.03, end = 942.08 (duration: 1.05)
whisper_vad_segments_from_probs: VAD segment 359: start = 942.66, end = 944.86 (duration: 2.20)
whisper_vad_segments_from_probs: VAD segment 360: start = 945.79, end = 947.77 (duration: 1.98)
whisper_vad_segments_from_probs: VAD segment 361: start = 948.16, end = 948.99 (duration: 0.83)
whisper_vad_segments_from_probs: VAD segment 362: start = 949.44, end = 950.11 (duration: 0.67)
whisper_vad_segments_from_probs: VAD segment 363: start = 950.31, end = 952.00 (duration: 1.69)
whisper_vad_segments_from_probs: VAD segment 364: start = 952.51, end = 953.82 (duration: 1.31)
whisper_vad_segments_from_probs: VAD segment 365: start = 955.46, end = 956.16 (duration: 0.70)
whisper_vad_segments_from_probs: VAD segment 366: start = 961.63, end = 962.94 (duration: 1.31)
whisper_vad_segments_from_probs: VAD segment 367: start = 964.42, end = 965.89 (duration: 1.47)
whisper_vad_segments_from_probs: VAD segment 368: start = 967.52, end = 969.47 (duration: 1.95)
whisper_vad_segments_from_probs: VAD segment 369: start = 969.63, end = 970.27 (duration: 0.64)
whisper_vad_segments_from_probs: VAD segment 370: start = 974.05, end = 974.53 (duration: 0.48)
whisper_vad_segments_from_probs: VAD segment 371: start = 975.30, end = 977.21 (duration: 1.91)
whisper_vad_segments_from_probs: VAD segment 372: start = 978.24, end = 979.74 (duration: 1.50)
whisper_vad_segments_from_probs: VAD segment 373: start = 980.83, end = 983.07 (duration: 2.24)
whisper_vad_segments_from_probs: VAD segment 374: start = 983.62, end = 985.15 (duration: 1.53)
whisper_vad_segments_from_probs: VAD segment 375: start = 986.18, end = 987.42 (duration: 1.24)
whisper_vad_segments_from_probs: VAD segment 376: start = 988.00, end = 990.08 (duration: 2.08)
whisper_vad_segments_from_probs: VAD segment 377: start = 990.66, end = 992.57 (duration: 1.91)
whisper_vad_segments_from_probs: VAD segment 378: start = 992.96, end = 993.92 (duration: 0.96)
whisper_vad_segments_from_probs: VAD segment 379: start = 997.15, end = 997.57 (duration: 0.42)
whisper_vad_segments_from_probs: VAD segment 380: start = 997.89, end = 1000.22 (duration: 2.33)
whisper_vad_segments_from_probs: VAD segment 381: start = 1000.58, end = 1003.84 (duration: 3.26)
whisper_vad_segments_from_probs: VAD segment 382: start = 1004.10, end = 1006.46 (duration: 2.36)
whisper_vad_segments_from_probs: VAD segment 383: start = 1006.72, end = 1008.86 (duration: 2.14)
whisper_vad_segments_from_probs: VAD segment 384: start = 1009.03, end = 1013.98 (duration: 4.95)
whisper_vad_segments_from_probs: VAD segment 385: start = 1014.50, end = 1017.31 (duration: 2.81)
whisper_vad_segments_from_probs: VAD segment 386: start = 1017.83, end = 1019.17 (duration: 1.34)
whisper_vad_segments_from_probs: VAD segment 387: start = 1019.36, end = 1020.29 (duration: 0.93)
whisper_vad_segments_from_probs: VAD segment 388: start = 1021.38, end = 1024.86 (duration: 3.48)
whisper_vad_segments_from_probs: VAD segment 389: start = 1026.02, end = 1026.53 (duration: 0.51)
whisper_vad_segments_from_probs: VAD segment 390: start = 1027.04, end = 1028.51 (duration: 1.47)
whisper_vad_segments_from_probs: VAD segment 391: start = 1028.90, end = 1031.23 (duration: 2.33)
whisper_vad_segments_from_probs: VAD segment 392: start = 1031.39, end = 1034.37 (duration: 2.98)
whisper_vad_segments_from_probs: VAD segment 393: start = 1034.56, end = 1035.71 (duration: 1.15)
whisper_vad_segments_from_probs: VAD segment 394: start = 1035.91, end = 1037.73 (duration: 1.82)
whisper_vad_segments_from_probs: VAD segment 395: start = 1038.11, end = 1038.53 (duration: 0.42)
whisper_vad_segments_from_probs: VAD segment 396: start = 1038.79, end = 1039.74 (duration: 0.95)
whisper_vad_segments_from_probs: VAD segment 397: start = 1043.30, end = 1045.28 (duration: 1.98)
whisper_vad_segments_from_probs: VAD segment 398: start = 1048.55, end = 1055.36 (duration: 6.81)
whisper_vad_segments_from_probs: VAD segment 399: start = 1055.52, end = 1067.68 (duration: 12.16)
whisper_vad_segments_from_probs: VAD segment 400: start = 1067.84, end = 1076.70 (duration: 8.86)
whisper_vad_segments_from_probs: VAD segment 401: start = 1076.90, end = 1086.17 (duration: 9.27)
whisper_vad_segments_from_probs: VAD segment 402: start = 1087.46, end = 1088.93 (duration: 1.47)
whisper_vad_segments_from_probs: VAD segment 403: start = 1089.25, end = 1090.08 (duration: 0.83)
whisper_vad_segments_from_probs: VAD segment 404: start = 1090.31, end = 1091.90 (duration: 1.59)
whisper_vad_segments_from_probs: VAD segment 405: start = 1092.19, end = 1095.26 (duration: 3.07)
whisper_vad_segments_from_probs: VAD segment 406: start = 1095.65, end = 1097.98 (duration: 2.33)
whisper_vad_segments_from_probs: VAD segment 407: start = 1098.24, end = 1103.10 (duration: 4.86)
whisper_vad_segments_from_probs: VAD segment 408: start = 1103.55, end = 1104.93 (duration: 1.38)
whisper_vad_segments_from_probs: VAD segment 409: start = 1105.31, end = 1109.15 (duration: 3.84)
whisper_vad_segments_from_probs: VAD segment 410: start = 1109.31, end = 1111.84 (duration: 2.53)
whisper_vad_segments_from_probs: VAD segment 411: start = 1112.19, end = 1113.57 (duration: 1.38)
whisper_vad_segments_from_probs: VAD segment 412: start = 1113.86, end = 1115.17 (duration: 1.31)
whisper_vad_segments_from_probs: VAD segment 413: start = 1115.49, end = 1120.03 (duration: 4.54)
whisper_vad_segments_from_probs: VAD segment 414: start = 1120.42, end = 1129.89 (duration: 9.47)
whisper_vad_segments_from_probs: VAD segment 415: start = 1130.05, end = 1134.40 (duration: 4.35)
whisper_vad_segments_from_probs: VAD segment 416: start = 1134.59, end = 1138.43 (duration: 3.84)
whisper_vad_segments_from_probs: VAD segment 417: start = 1138.63, end = 1167.65 (duration: 29.02)
whisper_vad_segments_from_probs: VAD segment 418: start = 1167.81, end = 1169.73 (duration: 1.92)
whisper_vad_segments_from_probs: VAD segment 419: start = 1169.99, end = 1186.75 (duration: 16.76)
whisper_vad_segments_from_probs: VAD segment 420: start = 1189.79, end = 1191.81 (duration: 2.02)
whisper_vad_segments_from_probs: VAD segment 421: start = 1192.00, end = 1196.57 (duration: 4.57)
whisper_vad_segments_from_probs: VAD segment 422: start = 1197.19, end = 1200.61 (duration: 3.42)
whisper_vad_segments_from_probs: VAD segment 423: start = 1201.12, end = 1207.13 (duration: 6.01)
whisper_vad_segments_from_probs: VAD segment 424: start = 1207.30, end = 1208.22 (duration: 0.92)
whisper_vad_segments_from_probs: VAD segment 425: start = 1210.82, end = 1211.17 (duration: 0.35)
whisper_vad_segments_from_probs: VAD segment 426: start = 1211.59, end = 1212.41 (duration: 0.82)
whisper_vad_segments_from_probs: VAD segment 427: start = 1212.67, end = 1212.99 (duration: 0.32)
whisper_vad_segments_from_probs: VAD segment 428: start = 1213.73, end = 1214.27 (duration: 0.54)
whisper_vad_segments_from_probs: VAD segment 429: start = 1217.25, end = 1218.24 (duration: 0.99)
whisper_vad_segments_from_probs: VAD segment 430: start = 1223.01, end = 1223.52 (duration: 0.51)
whisper_vad_segments_from_probs: VAD segment 431: start = 1223.75, end = 1225.85 (duration: 2.10)
whisper_vad_segments_from_probs: VAD segment 432: start = 1226.50, end = 1227.61 (duration: 1.11)
whisper_vad_segments_from_probs: VAD segment 433: start = 1228.35, end = 1228.70 (duration: 0.35)
whisper_vad_segments_from_probs: VAD segment 434: start = 1235.55, end = 1236.32 (duration: 0.77)
whisper_vad_segments_from_probs: VAD segment 435: start = 1236.55, end = 1238.94 (duration: 2.39)
whisper_vad_segments_from_probs: VAD segment 436: start = 1239.52, end = 1241.53 (duration: 2.01)
whisper_vad_segments_from_probs: VAD segment 437: start = 1246.11, end = 1248.93 (duration: 2.82)
whisper_vad_segments_from_probs: VAD segment 438: start = 1249.12, end = 1252.19 (duration: 3.07)
whisper_vad_segments_from_probs: VAD segment 439: start = 1253.73, end = 1254.08 (duration: 0.35)
whisper_vad_segments_from_probs: VAD segment 440: start = 1254.66, end = 1255.17 (duration: 0.51)
whisper_vad_segments_from_probs: VAD segment 441: start = 1256.35, end = 1257.18 (duration: 0.83)
whisper_vad_segments_from_probs: VAD segment 442: start = 1260.93, end = 1261.34 (duration: 0.41)
whisper_vad_segments_from_probs: VAD segment 443: start = 1264.10, end = 1264.80 (duration: 0.70)
whisper_vad_segments_from_probs: VAD segment 444: start = 1266.27, end = 1267.93 (duration: 1.66)
whisper_vad_segments_from_probs: VAD segment 445: start = 1268.16, end = 1268.89 (duration: 0.73)
whisper_vad_segments_from_probs: VAD segment 446: start = 1269.15, end = 1271.07 (duration: 1.92)
whisper_vad_segments_from_probs: VAD segment 447: start = 1271.55, end = 1272.41 (duration: 0.86)
whisper_vad_segments_from_probs: VAD segment 448: start = 1272.67, end = 1277.25 (duration: 4.58)
whisper_vad_segments_from_probs: VAD segment 449: start = 1277.92, end = 1280.93 (duration: 3.01)
whisper_vad_segments_from_probs: VAD segment 450: start = 1281.41, end = 1284.06 (duration: 2.65)
whisper_vad_segments_from_probs: VAD segment 451: start = 1284.23, end = 1285.57 (duration: 1.34)
whisper_vad_segments_from_probs: VAD segment 452: start = 1286.15, end = 1290.91 (duration: 4.76)
whisper_vad_segments_from_probs: VAD segment 453: start = 1291.91, end = 1292.22 (duration: 0.31)
whisper_vad_segments_from_probs: VAD segment 454: start = 1292.96, end = 1293.63 (duration: 0.67)
whisper_vad_segments_from_probs: VAD segment 455: start = 1295.39, end = 1295.87 (duration: 0.48)
whisper_vad_segments_from_probs: VAD segment 456: start = 1296.48, end = 1301.12 (duration: 4.64)
whisper_vad_segments_from_probs: VAD segment 457: start = 1301.60, end = 1304.45 (duration: 2.85)
whisper_vad_segments_from_probs: VAD segment 458: start = 1304.67, end = 1305.18 (duration: 0.51)
whisper_vad_segments_from_probs: VAD segment 459: start = 1305.57, end = 1307.93 (duration: 2.36)
whisper_vad_segments_from_probs: VAD segment 460: start = 1308.80, end = 1309.28 (duration: 0.48)
whisper_vad_segments_from_probs: VAD segment 461: start = 1309.44, end = 1312.13 (duration: 2.69)
whisper_vad_segments_from_probs: VAD segment 462: start = 1312.39, end = 1314.05 (duration: 1.66)
whisper_vad_segments_from_probs: VAD segment 463: start = 1314.53, end = 1315.81 (duration: 1.28)
whisper_vad_segments_from_probs: VAD segment 464: start = 1316.13, end = 1317.53 (duration: 1.40)
whisper_vad_segments_from_probs: VAD segment 465: start = 1318.47, end = 1319.20 (duration: 0.73)
whisper_vad_segments_from_probs: VAD segment 466: start = 1319.39, end = 1321.82 (duration: 2.43)
whisper_vad_segments_from_probs: VAD segment 467: start = 1322.24, end = 1326.78 (duration: 4.54)
whisper_vad_segments_from_probs: VAD segment 468: start = 1327.07, end = 1327.45 (duration: 0.38)
whisper_vad_segments_from_probs: VAD segment 469: start = 1328.58, end = 1329.73 (duration: 1.15)
whisper_vad_segments_from_probs: VAD segment 470: start = 1330.79, end = 1342.75 (duration: 11.96)
whisper_vad_segments_from_probs: VAD segment 471: start = 1343.04, end = 1349.28 (duration: 6.24)
whisper_vad_segments_from_probs: VAD segment 472: start = 1349.44, end = 1350.40 (duration: 0.96)
whisper_vad_segments_from_probs: VAD segment 473: start = 1350.75, end = 1365.28 (duration: 14.53)
whisper_vad_segments_from_probs: VAD segment 474: start = 1365.83, end = 1373.47 (duration: 7.64)
whisper_vad_segments_from_probs: VAD segment 475: start = 1374.53, end = 1374.94 (duration: 0.41)
whisper_vad_segments_from_probs: VAD segment 476: start = 1375.49, end = 1376.19 (duration: 0.70)
whisper_vad_segments_from_probs: VAD segment 477: start = 1376.99, end = 1377.85 (duration: 0.86)
whisper_vad_segments_from_probs: VAD segment 478: start = 1378.05, end = 1388.19 (duration: 10.14)
whisper_vad_segments_from_probs: VAD segment 479: start = 1388.35, end = 1392.99 (duration: 4.64)
whisper_vad_segments_from_probs: VAD segment 480: start = 1393.31, end = 1396.77 (duration: 3.46)
whisper_vad_segments_from_probs: VAD segment 481: start = 1400.13, end = 1407.52 (duration: 7.39)
whisper_vad_segments_from_probs: VAD segment 482: start = 1407.91, end = 1408.86 (duration: 0.95)
whisper_vad_segments_from_probs: VAD segment 483: start = 1409.57, end = 1417.60 (duration: 8.03)
whisper_vad_segments_from_probs: VAD segment 484: start = 1418.05, end = 1419.10 (duration: 1.05)
whisper_vad_segments_from_probs: VAD segment 485: start = 1419.94, end = 1421.25 (duration: 1.31)
whisper_vad_segments_from_probs: VAD segment 486: start = 1421.86, end = 1423.07 (duration: 1.21)
whisper_vad_segments_from_probs: VAD segment 487: start = 1424.10, end = 1425.60 (duration: 1.50)
whisper_vad_segments_from_probs: VAD segment 488: start = 1425.86, end = 1428.13 (duration: 2.27)
whisper_vad_segments_from_probs: VAD segment 489: start = 1428.61, end = 1435.29 (duration: 6.68)
whisper_vad_segments_from_probs: VAD segment 490: start = 1436.00, end = 1436.67 (duration: 0.67)
whisper_vad_segments_from_probs: VAD segment 491: start = 1437.12, end = 1437.76 (duration: 0.64)
whisper_vad_segments_from_probs: VAD segment 492: start = 1438.43, end = 1443.07 (duration: 4.64)
whisper_vad_segments_from_probs: VAD segment 493: start = 1443.49, end = 1446.11 (duration: 2.62)
whisper_vad_segments_from_probs: VAD segment 494: start = 1446.47, end = 1447.74 (duration: 1.27)
whisper_vad_segments_from_probs: VAD segment 495: start = 1448.32, end = 1449.60 (duration: 1.28)
whisper_vad_segments_from_probs: VAD segment 496: start = 1449.92, end = 1450.72 (duration: 0.80)
whisper_vad_segments_from_probs: VAD segment 497: start = 1451.30, end = 1451.84 (duration: 0.54)
whisper_vad_segments_from_probs: VAD segment 498: start = 1452.16, end = 1455.36 (duration: 3.20)
whisper_vad_segments_from_probs: VAD segment 499: start = 1455.68, end = 1457.21 (duration: 1.53)
whisper_vad_segments_from_probs: VAD segment 500: start = 1457.89, end = 1458.81 (duration: 0.92)
whisper_vad_segments_from_probs: VAD segment 501: start = 1460.96, end = 1461.50 (duration: 0.54)
whisper_vad_segments_from_probs: VAD segment 502: start = 1462.34, end = 1463.97 (duration: 1.63)
whisper_vad_segments_from_probs: VAD segment 503: start = 1464.29, end = 1465.12 (duration: 0.83)
whisper_vad_segments_from_probs: VAD segment 504: start = 1465.28, end = 1466.24 (duration: 0.96)
whisper_vad_segments_from_probs: VAD segment 505: start = 1468.32, end = 1468.96 (duration: 0.64)
whisper_vad_segments_from_probs: VAD segment 506: start = 1470.85, end = 1473.15 (duration: 2.30)
whisper_vad_segments_from_probs: VAD segment 507: start = 1473.51, end = 1474.49 (duration: 0.98)
whisper_vad_segments_from_probs: VAD segment 508: start = 1475.33, end = 1475.74 (duration: 0.41)
whisper_vad_segments_from_probs: VAD segment 509: start = 1476.10, end = 1477.05 (duration: 0.95)
whisper_vad_segments_from_probs: VAD segment 510: start = 1477.44, end = 1477.95 (duration: 0.51)
whisper_vad_segments_from_probs: VAD segment 511: start = 1478.95, end = 1479.29 (duration: 0.34)
whisper_vad_segments_from_probs: VAD segment 512: start = 1481.73, end = 1482.33 (duration: 0.60)
whisper_vad_segments_from_probs: VAD segment 513: start = 1482.59, end = 1485.66 (duration: 3.07)
whisper_vad_segments_from_probs: VAD segment 514: start = 1485.86, end = 1487.10 (duration: 1.24)
whisper_vad_segments_from_probs: VAD segment 515: start = 1487.43, end = 1489.18 (duration: 1.75)
whisper_vad_segments_from_probs: VAD segment 516: start = 1489.38, end = 1489.92 (duration: 0.54)
whisper_vad_segments_from_probs: VAD segment 517: start = 1490.18, end = 1497.34 (duration: 7.16)
whisper_vad_segments_from_probs: VAD segment 518: start = 1498.27, end = 1499.77 (duration: 1.50)
whisper_vad_segments_from_probs: VAD segment 519: start = 1500.00, end = 1500.80 (duration: 0.80)
whisper_vad_segments_from_probs: VAD segment 520: start = 1505.03, end = 1505.37 (duration: 0.34)
whisper_vad_segments_from_probs: VAD segment 521: start = 1505.67, end = 1509.76 (duration: 4.09)
whisper_vad_segments_from_probs: VAD segment 522: start = 1510.37, end = 1511.52 (duration: 1.15)
whisper_vad_segments_from_probs: VAD segment 523: start = 1515.17, end = 1515.61 (duration: 0.44)
whisper_vad_segments_from_probs: VAD segment 524: start = 1517.35, end = 1517.79 (duration: 0.44)
whisper_vad_segments_from_probs: VAD segment 525: start = 1518.11, end = 1519.23 (duration: 1.12)
whisper_vad_segments_from_probs: VAD segment 526: start = 1519.71, end = 1522.30 (duration: 2.59)
whisper_vad_segments_from_probs: VAD segment 527: start = 1523.75, end = 1524.67 (duration: 0.92)
whisper_vad_segments_from_probs: VAD segment 528: start = 1526.08, end = 1529.63 (duration: 3.55)
whisper_vad_segments_from_probs: VAD segment 529: start = 1530.02, end = 1530.59 (duration: 0.57)
whisper_vad_segments_from_probs: VAD segment 530: start = 1531.30, end = 1531.90 (duration: 0.60)
whisper_vad_segments_from_probs: VAD segment 531: start = 1533.38, end = 1534.33 (duration: 0.95)
whisper_vad_segments_from_probs: VAD segment 532: start = 1534.95, end = 1535.84 (duration: 0.89)
whisper_vad_segments_from_probs: VAD segment 533: start = 1536.71, end = 1538.33 (duration: 1.62)
whisper_vad_segments_from_probs: VAD segment 534: start = 1538.72, end = 1540.96 (duration: 2.24)
whisper_vad_segments_from_probs: VAD segment 535: start = 1541.54, end = 1543.13 (duration: 1.59)
whisper_vad_segments_from_probs: VAD segment 536: start = 1543.46, end = 1544.19 (duration: 0.73)
whisper_vad_segments_from_probs: VAD segment 537: start = 1545.47, end = 1546.46 (duration: 0.99)
whisper_vad_segments_from_probs: VAD segment 538: start = 1548.10, end = 1548.93 (duration: 0.83)
whisper_vad_segments_from_probs: VAD segment 539: start = 1550.11, end = 1551.20 (duration: 1.09)
whisper_vad_segments_from_probs: VAD segment 540: start = 1551.49, end = 1552.38 (duration: 0.89)
whisper_vad_segments_from_probs: VAD segment 541: start = 1552.55, end = 1553.09 (duration: 0.54)
whisper_vad_segments_from_probs: VAD segment 542: start = 1553.57, end = 1554.33 (duration: 0.76)
whisper_vad_segments_from_probs: VAD segment 543: start = 1554.69, end = 1556.54 (duration: 1.85)
whisper_vad_segments_from_probs: VAD segment 544: start = 1558.27, end = 1560.00 (duration: 1.73)
whisper_vad_segments_from_probs: VAD segment 545: start = 1560.39, end = 1563.81 (duration: 3.42)
whisper_vad_segments_from_probs: VAD segment 546: start = 1563.97, end = 1565.18 (duration: 1.21)
whisper_vad_segments_from_probs: VAD segment 547: start = 1566.56, end = 1568.41 (duration: 1.85)
whisper_vad_segments_from_probs: VAD segment 548: start = 1568.58, end = 1570.56 (duration: 1.98)
whisper_vad_segments_from_probs: VAD segment 549: start = 1572.58, end = 1573.76 (duration: 1.18)
whisper_vad_segments_from_probs: VAD segment 550: start = 1575.07, end = 1578.75 (duration: 3.68)
whisper_vad_segments_from_probs: VAD segment 551: start = 1579.68, end = 1582.78 (duration: 3.10)
whisper_vad_segments_from_probs: VAD segment 552: start = 1583.33, end = 1584.51 (duration: 1.18)
whisper_vad_segments_from_probs: VAD segment 553: start = 1584.74, end = 1586.43 (duration: 1.69)
whisper_vad_segments_from_probs: VAD segment 554: start = 1586.85, end = 1587.29 (duration: 0.44)
whisper_vad_segments_from_probs: VAD segment 555: start = 1588.45, end = 1592.38 (duration: 3.93)
whisper_vad_segments_from_probs: VAD segment 556: start = 1592.61, end = 1595.55 (duration: 2.94)
whisper_vad_segments_from_probs: VAD segment 557: start = 1596.03, end = 1600.13 (duration: 4.10)
whisper_vad_segments_from_probs: VAD segment 558: start = 1600.77, end = 1601.25 (duration: 0.48)
whisper_vad_segments_from_probs: VAD segment 559: start = 1605.95, end = 1606.40 (duration: 0.45)
whisper_vad_segments_from_probs: VAD segment 560: start = 1608.23, end = 1609.15 (duration: 0.92)
whisper_vad_segments_from_probs: VAD segment 561: start = 1609.35, end = 1611.42 (duration: 2.07)
whisper_vad_segments_from_probs: VAD segment 562: start = 1612.42, end = 1612.89 (duration: 0.47)
whisper_vad_segments_from_probs: VAD segment 563: start = 1613.54, end = 1614.65 (duration: 1.11)
whisper_vad_segments_from_probs: VAD segment 564: start = 1614.91, end = 1616.70 (duration: 1.79)
whisper_vad_segments_from_probs: VAD segment 565: start = 1617.67, end = 1618.43 (duration: 0.76)
whisper_vad_segments_from_probs: VAD segment 566: start = 1621.06, end = 1622.78 (duration: 1.72)
whisper_vad_segments_from_probs: VAD segment 567: start = 1624.00, end = 1625.73 (duration: 1.73)
whisper_vad_segments_from_probs: VAD segment 568: start = 1625.89, end = 1626.91 (duration: 1.02)
whisper_vad_segments_from_probs: VAD segment 569: start = 1627.20, end = 1628.19 (duration: 0.99)
whisper_vad_segments_from_probs: VAD segment 570: start = 1628.58, end = 1630.69 (duration: 2.11)
whisper_vad_segments_from_probs: VAD segment 571: start = 1631.04, end = 1632.41 (duration: 1.37)
whisper_vad_segments_from_probs: VAD segment 572: start = 1632.58, end = 1633.25 (duration: 0.67)
whisper_vad_segments_from_probs: VAD segment 573: start = 1633.99, end = 1634.78 (duration: 0.79)
whisper_vad_segments_from_probs: VAD segment 574: start = 1635.07, end = 1635.65 (duration: 0.58)
whisper_vad_segments_from_probs: VAD segment 575: start = 1635.91, end = 1637.44 (duration: 1.53)
whisper_vad_segments_from_probs: VAD segment 576: start = 1637.63, end = 1638.78 (duration: 1.15)
whisper_vad_segments_from_probs: VAD segment 577: start = 1639.33, end = 1639.90 (duration: 0.57)
whisper_vad_segments_from_probs: VAD segment 578: start = 1640.32, end = 1642.40 (duration: 2.08)
whisper_vad_segments_from_probs: VAD segment 579: start = 1642.95, end = 1643.36 (duration: 0.41)
whisper_vad_segments_from_probs: VAD segment 580: start = 1643.94, end = 1645.34 (duration: 1.40)
whisper_vad_segments_from_probs: VAD segment 581: start = 1645.95, end = 1646.53 (duration: 0.58)
whisper_vad_segments_from_probs: VAD segment 582: start = 1646.88, end = 1648.38 (duration: 1.50)
whisper_vad_segments_from_probs: VAD segment 583: start = 1648.55, end = 1652.96 (duration: 4.41)
whisper_vad_segments_from_probs: VAD segment 584: start = 1653.41, end = 1655.42 (duration: 2.01)
whisper_vad_segments_from_probs: VAD segment 585: start = 1656.00, end = 1659.39 (duration: 3.39)
whisper_vad_segments_from_probs: VAD segment 586: start = 1659.55, end = 1663.39 (duration: 3.84)
whisper_vad_segments_from_probs: VAD segment 587: start = 1664.51, end = 1666.78 (duration: 2.27)
whisper_vad_segments_from_probs: VAD segment 588: start = 1667.04, end = 1670.37 (duration: 3.33)
whisper_vad_segments_from_probs: VAD segment 589: start = 1670.72, end = 1671.20 (duration: 0.48)
whisper_vad_segments_from_probs: VAD segment 590: start = 1671.59, end = 1674.59 (duration: 3.00)
whisper_vad_segments_from_probs: VAD segment 591: start = 1674.79, end = 1676.73 (duration: 1.94)
whisper_vad_segments_from_probs: VAD segment 592: start = 1677.09, end = 1679.01 (duration: 1.92)
whisper_vad_segments_from_probs: VAD segment 593: start = 1679.20, end = 1681.12 (duration: 1.92)
whisper_vad_segments_from_probs: VAD segment 594: start = 1681.31, end = 1682.40 (duration: 1.09)
whisper_vad_segments_from_probs: VAD segment 595: start = 1683.71, end = 1685.31 (duration: 1.60)
whisper_vad_segments_from_probs: VAD segment 596: start = 1686.50, end = 1686.88 (duration: 0.38)
whisper_vad_segments_from_probs: VAD segment 597: start = 1688.93, end = 1689.31 (duration: 0.38)
whisper_vad_segments_from_probs: VAD segment 598: start = 1693.22, end = 1696.38 (duration: 3.16)
whisper_vad_segments_from_probs: VAD segment 599: start = 1697.15, end = 1698.14 (duration: 0.99)
whisper_vad_segments_from_probs: VAD segment 600: start = 1698.50, end = 1698.81 (duration: 0.31)
whisper_vad_segments_from_probs: VAD segment 601: start = 1699.71, end = 1704.48 (duration: 4.77)
whisper_vad_segments_from_probs: VAD segment 602: start = 1705.06, end = 1706.11 (duration: 1.05)
whisper_vad_segments_from_probs: VAD segment 603: start = 1707.43, end = 1707.84 (duration: 0.41)
whisper_vad_segments_from_probs: VAD segment 604: start = 1709.89, end = 1711.17 (duration: 1.28)
whisper_vad_segments_from_probs: VAD segment 605: start = 1714.56, end = 1719.74 (duration: 5.18)
whisper_vad_segments_from_probs: VAD segment 606: start = 1719.94, end = 1720.77 (duration: 0.83)
whisper_vad_segments_from_probs: VAD segment 607: start = 1721.06, end = 1724.03 (duration: 2.97)
whisper_vad_segments_from_probs: VAD segment 608: start = 1724.39, end = 1729.76 (duration: 5.37)
whisper_vad_segments_from_probs: VAD segment 609: start = 1730.56, end = 1731.13 (duration: 0.57)
whisper_vad_segments_from_probs: VAD segment 610: start = 1732.35, end = 1733.47 (duration: 1.12)
whisper_vad_segments_from_probs: VAD segment 611: start = 1734.11, end = 1737.18 (duration: 3.07)
whisper_vad_segments_from_probs: VAD segment 612: start = 1740.71, end = 1742.85 (duration: 2.14)
whisper_vad_segments_from_probs: VAD segment 613: start = 1743.17, end = 1744.67 (duration: 1.50)
whisper_vad_segments_from_probs: VAD segment 614: start = 1744.93, end = 1754.91 (duration: 9.98)
whisper_vad_segments_from_probs: VAD segment 615: start = 1755.30, end = 1755.77 (duration: 0.47)
whisper_vad_segments_from_probs: VAD segment 616: start = 1756.03, end = 1759.10 (duration: 3.07)
whisper_vad_segments_from_probs: VAD segment 617: start = 1760.99, end = 1762.75 (duration: 1.76)
whisper_vad_segments_from_probs: VAD segment 618: start = 1763.17, end = 1766.75 (duration: 3.58)
whisper_vad_segments_from_probs: VAD segment 619: start = 1767.17, end = 1769.15 (duration: 1.98)
whisper_vad_segments_from_probs: VAD segment 620: start = 1769.35, end = 1771.90 (duration: 2.55)
whisper_vad_segments_from_probs: VAD segment 621: start = 1772.71, end = 1775.61 (duration: 2.90)
whisper_vad_segments_from_probs: VAD segment 622: start = 1776.26, end = 1779.17 (duration: 2.91)
whisper_vad_segments_from_probs: VAD segment 623: start = 1779.46, end = 1790.27 (duration: 10.81)
whisper_vad_segments_from_probs: VAD segment 624: start = 1790.53, end = 1791.52 (duration: 0.99)
whisper_vad_segments_from_probs: VAD segment 625: start = 1791.71, end = 1792.70 (duration: 0.99)
whisper_vad_segments_from_probs: VAD segment 626: start = 1793.28, end = 1795.93 (duration: 2.65)
whisper_vad_segments_from_probs: VAD segment 627: start = 1796.16, end = 1797.47 (duration: 1.31)
whisper_vad_segments_from_probs: VAD segment 628: start = 1797.89, end = 1800.32 (duration: 2.43)
whisper_vad_segments_from_probs: VAD segment 629: start = 1803.65, end = 1811.84 (duration: 8.19)
whisper_vad_segments_from_probs: VAD segment 630: start = 1812.55, end = 1815.39 (duration: 2.84)
whisper_vad_segments_from_probs: VAD segment 631: start = 1816.03, end = 1816.93 (duration: 0.90)
whisper_vad_segments_from_probs: VAD segment 632: start = 1817.15, end = 1819.39 (duration: 2.24)
whisper_vad_segments_from_probs: VAD segment 633: start = 1820.58, end = 1821.18 (duration: 0.60)
whisper_vad_segments_from_probs: VAD segment 634: start = 1821.35, end = 1822.65 (duration: 1.30)
whisper_vad_segments_from_probs: VAD segment 635: start = 1823.07, end = 1825.37 (duration: 2.30)
whisper_vad_segments_from_probs: VAD segment 636: start = 1825.92, end = 1831.52 (duration: 5.60)
whisper_vad_segments_from_probs: VAD segment 637: start = 1831.81, end = 1835.58 (duration: 3.77)
whisper_vad_segments_from_probs: VAD segment 638: start = 1836.26, end = 1839.45 (duration: 3.19)
whisper_vad_segments_from_probs: VAD segment 639: start = 1839.71, end = 1841.85 (duration: 2.14)
whisper_vad_segments_from_probs: VAD segment 640: start = 1842.31, end = 1844.13 (duration: 1.82)
whisper_vad_segments_from_probs: VAD segment 641: start = 1844.87, end = 1846.53 (duration: 1.66)
whisper_vad_segments_from_probs: VAD segment 642: start = 1848.64, end = 1849.57 (duration: 0.93)
whisper_vad_segments_from_probs: VAD segment 643: start = 1849.99, end = 1850.30 (duration: 0.31)
whisper_vad_segments_from_probs: VAD segment 644: start = 1850.69, end = 1851.26 (duration: 0.57)
whisper_vad_segments_from_probs: VAD segment 645: start = 1852.32, end = 1853.69 (duration: 1.37)
whisper_vad_segments_from_probs: VAD segment 646: start = 1853.89, end = 1854.65 (duration: 0.76)
whisper_vad_segments_from_probs: VAD segment 647: start = 1854.98, end = 1855.61 (duration: 0.63)
whisper_vad_segments_from_probs: VAD segment 648: start = 1855.78, end = 1856.83 (duration: 1.05)
whisper_vad_segments_from_probs: VAD segment 649: start = 1857.19, end = 1858.85 (duration: 1.66)
whisper_vad_segments_from_probs: VAD segment 650: start = 1859.04, end = 1861.57 (duration: 2.53)
whisper_vad_segments_from_probs: VAD segment 651: start = 1861.86, end = 1862.56 (duration: 0.70)
whisper_vad_segments_from_probs: VAD segment 652: start = 1862.91, end = 1864.13 (duration: 1.22)
whisper_vad_segments_from_probs: VAD segment 653: start = 1864.51, end = 1865.44 (duration: 0.93)
whisper_vad_segments_from_probs: VAD segment 654: start = 1867.43, end = 1869.53 (duration: 2.10)
whisper_vad_segments_from_probs: VAD segment 655: start = 1869.86, end = 1870.75 (duration: 0.89)
whisper_vad_segments_from_probs: VAD segment 656: start = 1871.07, end = 1874.78 (duration: 3.71)
whisper_vad_segments_from_probs: VAD segment 657: start = 1875.46, end = 1879.90 (duration: 4.44)
whisper_vad_segments_from_probs: VAD segment 658: start = 1880.23, end = 1882.59 (duration: 2.36)
whisper_vad_segments_from_probs: VAD segment 659: start = 1882.91, end = 1883.68 (duration: 0.77)
whisper_vad_segments_from_probs: VAD segment 660: start = 1883.97, end = 1885.09 (duration: 1.12)
whisper_vad_segments_from_probs: VAD segment 661: start = 1885.41, end = 1886.88 (duration: 1.47)
whisper_vad_segments_from_probs: VAD segment 662: start = 1887.30, end = 1888.99 (duration: 1.69)
whisper_vad_segments_from_probs: VAD segment 663: start = 1889.99, end = 1891.17 (duration: 1.18)
whisper_vad_segments_from_probs: VAD segment 664: start = 1891.33, end = 1892.19 (duration: 0.86)
whisper_vad_segments_from_probs: VAD segment 665: start = 1892.45, end = 1893.69 (duration: 1.24)
whisper_vad_segments_from_probs: VAD segment 666: start = 1894.05, end = 1895.45 (duration: 1.40)
whisper_vad_segments_from_probs: VAD segment 667: start = 1895.81, end = 1896.86 (duration: 1.05)
whisper_vad_segments_from_probs: VAD segment 668: start = 1898.88, end = 1903.81 (duration: 4.93)
whisper_vad_segments_from_probs: VAD segment 669: start = 1904.16, end = 1904.64 (duration: 0.48)
whisper_vad_segments_from_probs: VAD segment 670: start = 1905.54, end = 1908.35 (duration: 2.81)
whisper_vad_segments_from_probs: VAD segment 671: start = 1908.55, end = 1910.24 (duration: 1.69)
whisper_vad_segments_from_probs: VAD segment 672: start = 1910.56, end = 1913.92 (duration: 3.36)
whisper_vad_segments_from_probs: VAD segment 673: start = 1914.37, end = 1916.09 (duration: 1.72)
whisper_vad_segments_from_probs: VAD segment 674: start = 1916.45, end = 1916.83 (duration: 0.38)
whisper_vad_segments_from_probs: VAD segment 675: start = 1917.09, end = 1918.11 (duration: 1.02)
whisper_vad_segments_from_probs: VAD segment 676: start = 1918.27, end = 1921.82 (duration: 3.55)
whisper_vad_segments_from_probs: VAD segment 677: start = 1922.05, end = 1924.48 (duration: 2.43)
whisper_vad_segments_from_probs: VAD segment 678: start = 1924.99, end = 1925.50 (duration: 0.51)
whisper_vad_segments_from_probs: VAD segment 679: start = 1925.73, end = 1927.84 (duration: 2.11)
whisper_vad_segments_from_probs: VAD segment 680: start = 1928.16, end = 1928.48 (duration: 0.32)
whisper_vad_segments_from_probs: VAD segment 681: start = 1928.90, end = 1931.23 (duration: 2.33)
whisper_vad_segments_from_probs: VAD segment 682: start = 1931.91, end = 1932.29 (duration: 0.38)
whisper_vad_segments_from_probs: VAD segment 683: start = 1932.45, end = 1935.29 (duration: 2.84)
whisper_vad_segments_from_probs: VAD segment 684: start = 1935.52, end = 1936.57 (duration: 1.05)
whisper_vad_segments_from_probs: VAD segment 685: start = 1936.80, end = 1938.75 (duration: 1.95)
whisper_vad_segments_from_probs: VAD segment 686: start = 1939.07, end = 1940.61 (duration: 1.54)
whisper_vad_segments_from_probs: VAD segment 687: start = 1941.60, end = 1942.81 (duration: 1.21)
whisper_vad_segments_from_probs: VAD segment 688: start = 1943.01, end = 1944.19 (duration: 1.18)
whisper_vad_segments_from_probs: VAD segment 689: start = 1944.74, end = 1947.87 (duration: 3.13)
whisper_vad_segments_from_probs: VAD segment 690: start = 1948.26, end = 1950.17 (duration: 1.91)
whisper_vad_segments_from_probs: VAD segment 691: start = 1950.43, end = 1951.52 (duration: 1.09)
whisper_vad_segments_from_probs: VAD segment 692: start = 1951.91, end = 1954.75 (duration: 2.84)
whisper_vad_segments_from_probs: VAD segment 693: start = 1955.11, end = 1956.70 (duration: 1.59)
whisper_vad_segments_from_probs: VAD segment 694: start = 1957.54, end = 1959.10 (duration: 1.56)
whisper_vad_segments_from_probs: VAD segment 695: start = 1960.10, end = 1961.79 (duration: 1.69)
whisper_vad_segments_from_probs: VAD segment 696: start = 1962.11, end = 1964.73 (duration: 2.62)
whisper_vad_segments_from_probs: VAD segment 697: start = 1964.90, end = 1966.17 (duration: 1.27)
whisper_vad_segments_from_probs: VAD segment 698: start = 1966.56, end = 1967.39 (duration: 0.83)
whisper_vad_segments_from_probs: VAD segment 699: start = 1967.68, end = 1970.21 (duration: 2.53)
whisper_vad_segments_from_probs: VAD segment 700: start = 1970.88, end = 1974.05 (duration: 3.17)
whisper_vad_segments_from_probs: VAD segment 701: start = 1974.53, end = 1976.61 (duration: 2.08)
whisper_vad_segments_from_probs: VAD segment 702: start = 1977.73, end = 1982.94 (duration: 5.21)
whisper_vad_segments_from_probs: VAD segment 703: start = 1983.49, end = 1984.09 (duration: 0.60)
whisper_vad_segments_from_probs: VAD segment 704: start = 1984.83, end = 1986.69 (duration: 1.86)
whisper_vad_segments_from_probs: VAD segment 705: start = 1987.04, end = 1988.93 (duration: 1.89)
whisper_vad_segments_from_probs: VAD segment 706: start = 1989.47, end = 1990.53 (duration: 1.06)
whisper_vad_segments_from_probs: VAD segment 707: start = 1990.95, end = 1994.01 (duration: 3.06)
whisper_vad_segments_from_probs: VAD segment 708: start = 1994.69, end = 1999.52 (duration: 4.83)
whisper_vad_segments_from_probs: VAD segment 709: start = 1999.91, end = 2000.51 (duration: 0.60)
whisper_vad_segments_from_probs: VAD segment 710: start = 2000.90, end = 2001.53 (duration: 0.63)
whisper_vad_segments_from_probs: VAD segment 711: start = 2002.21, end = 2006.21 (duration: 4.00)
whisper_vad_segments_from_probs: VAD segment 712: start = 2006.72, end = 2007.65 (duration: 0.93)
whisper_vad_segments_from_probs: VAD segment 713: start = 2007.94, end = 2008.99 (duration: 1.05)
whisper_vad_segments_from_probs: VAD segment 714: start = 2009.95, end = 2013.57 (duration: 3.62)
whisper_vad_segments_from_probs: VAD segment 715: start = 2014.08, end = 2015.26 (duration: 1.18)
whisper_vad_segments_from_probs: VAD segment 716: start = 2016.16, end = 2017.76 (duration: 1.60)
whisper_vad_segments_from_probs: VAD segment 717: start = 2018.15, end = 2019.84 (duration: 1.69)
whisper_vad_segments_from_probs: VAD segment 718: start = 2020.48, end = 2021.95 (duration: 1.47)
whisper_vad_segments_from_probs: VAD segment 719: start = 2022.82, end = 2024.51 (duration: 1.69)
whisper_vad_segments_from_probs: VAD segment 720: start = 2024.93, end = 2025.98 (duration: 1.05)
whisper_vad_segments_from_probs: VAD segment 721: start = 2027.07, end = 2028.03 (duration: 0.96)
whisper_vad_segments_from_probs: VAD segment 722: start = 2028.48, end = 2028.80 (duration: 0.32)
whisper_vad_segments_from_probs: VAD segment 723: start = 2028.99, end = 2034.30 (duration: 5.31)
whisper_vad_segments_from_probs: VAD segment 724: start = 2034.53, end = 2035.52 (duration: 0.99)
whisper_vad_segments_from_probs: VAD segment 725: start = 2036.10, end = 2037.25 (duration: 1.15)
whisper_vad_segments_from_probs: VAD segment 726: start = 2037.60, end = 2039.77 (duration: 2.17)
whisper_vad_segments_from_probs: VAD segment 727: start = 2041.12, end = 2048.54 (duration: 7.42)
whisper_vad_segments_from_probs: VAD segment 728: start = 2048.87, end = 2056.67 (duration: 7.80)
whisper_vad_segments_from_probs: VAD segment 729: start = 2056.87, end = 2057.66 (duration: 0.79)
whisper_vad_segments_from_probs: VAD segment 730: start = 2058.31, end = 2063.29 (duration: 4.98)
whisper_vad_segments_from_probs: VAD segment 731: start = 2063.68, end = 2066.56 (duration: 2.88)
whisper_vad_segments_from_probs: VAD segment 732: start = 2068.99, end = 2072.70 (duration: 3.71)
whisper_vad_segments_from_probs: VAD segment 733: start = 2073.09, end = 2073.89 (duration: 0.80)
whisper_vad_segments_from_probs: VAD segment 734: start = 2074.05, end = 2074.75 (duration: 0.70)
whisper_vad_segments_from_probs: VAD segment 735: start = 2075.07, end = 2077.09 (duration: 2.02)
whisper_vad_segments_from_probs: VAD segment 736: start = 2077.44, end = 2078.01 (duration: 0.57)
whisper_vad_segments_from_probs: VAD segment 737: start = 2079.04, end = 2079.52 (duration: 0.48)
whisper_vad_segments_from_probs: VAD segment 738: start = 2080.80, end = 2081.15 (duration: 0.35)
whisper_vad_segments_from_probs: VAD segment 739: start = 2084.96, end = 2085.98 (duration: 1.02)
whisper_vad_segments_from_probs: VAD segment 740: start = 2086.34, end = 2086.85 (duration: 0.51)
whisper_vad_segments_from_probs: VAD segment 741: start = 2087.75, end = 2089.85 (duration: 2.10)
whisper_vad_segments_from_probs: VAD segment 742: start = 2091.39, end = 2096.41 (duration: 5.02)
whisper_vad_segments_from_probs: VAD segment 743: start = 2096.58, end = 2101.79 (duration: 5.21)
whisper_vad_segments_from_probs: VAD segment 744: start = 2102.31, end = 2103.97 (duration: 1.66)
whisper_vad_segments_from_probs: VAD segment 745: start = 2104.83, end = 2110.43 (duration: 5.60)
whisper_vad_segments_from_probs: VAD segment 746: start = 2110.88, end = 2120.45 (duration: 9.57)
whisper_vad_segments_from_probs: VAD segment 747: start = 2120.87, end = 2126.97 (duration: 6.10)
whisper_vad_segments_from_probs: VAD segment 748: start = 2127.33, end = 2129.92 (duration: 2.59)
whisper_vad_segments_from_probs: VAD segment 749: start = 2131.59, end = 2134.46 (duration: 2.87)
whisper_vad_segments_from_probs: VAD segment 750: start = 2135.11, end = 2136.09 (duration: 0.98)
whisper_vad_segments_from_probs: VAD segment 751: start = 2136.58, end = 2137.15 (duration: 0.57)
whisper_vad_segments_from_probs: VAD segment 752: start = 2138.59, end = 2140.22 (duration: 1.63)
whisper_vad_segments_from_probs: VAD segment 753: start = 2140.51, end = 2141.66 (duration: 1.15)
whisper_vad_segments_from_probs: VAD segment 754: start = 2141.89, end = 2143.01 (duration: 1.12)
whisper_vad_segments_from_probs: VAD segment 755: start = 2143.55, end = 2144.93 (duration: 1.38)
whisper_vad_segments_from_probs: VAD segment 756: start = 2146.40, end = 2148.96 (duration: 2.56)
whisper_vad_segments_from_probs: VAD segment 757: start = 2149.44, end = 2150.17 (duration: 0.73)
whisper_vad_segments_from_probs: VAD segment 758: start = 2151.39, end = 2152.80 (duration: 1.41)
whisper_vad_segments_from_probs: VAD segment 759: start = 2154.18, end = 2156.64 (duration: 2.46)
whisper_vad_segments_from_probs: VAD segment 760: start = 2160.07, end = 2168.00 (duration: 7.93)
whisper_vad_segments_from_probs: VAD segment 761: start = 2168.26, end = 2173.41 (duration: 5.15)
whisper_vad_segments_from_probs: VAD segment 762: start = 2173.70, end = 2179.23 (duration: 5.53)
whisper_vad_segments_from_probs: VAD segment 763: start = 2179.46, end = 2185.31 (duration: 5.85)
whisper_vad_segments_from_probs: VAD segment 764: start = 2185.70, end = 2190.59 (duration: 4.89)
whisper_vad_segments_from_probs: VAD segment 765: start = 2190.85, end = 2193.02 (duration: 2.17)
whisper_vad_segments_from_probs: VAD segment 766: start = 2193.54, end = 2197.18 (duration: 3.64)
whisper_vad_segments_from_probs: VAD segment 767: start = 2199.49, end = 2200.03 (duration: 0.54)
whisper_vad_segments_from_probs: VAD segment 768: start = 2200.80, end = 2201.15 (duration: 0.35)
whisper_vad_segments_from_probs: VAD segment 769: start = 2201.70, end = 2202.01 (duration: 0.31)
whisper_vad_segments_from_probs: VAD segment 770: start = 2202.43, end = 2204.67 (duration: 2.24)
whisper_vad_segments_from_probs: VAD segment 771: start = 2205.03, end = 2209.02 (duration: 3.99)
whisper_vad_segments_from_probs: VAD segment 772: start = 2209.28, end = 2212.57 (duration: 3.29)
whisper_vad_segments_from_probs: VAD segment 773: start = 2213.15, end = 2215.61 (duration: 2.46)
whisper_vad_segments_from_probs: VAD segment 774: start = 2215.84, end = 2216.73 (duration: 0.89)
whisper_vad_segments_from_probs: VAD segment 775: start = 2216.90, end = 2222.17 (duration: 5.27)
whisper_vad_segments_from_probs: VAD segment 776: start = 2222.37, end = 2223.42 (duration: 1.05)
whisper_vad_segments_from_probs: VAD segment 777: start = 2223.62, end = 2226.30 (duration: 2.68)
whisper_vad_segments_from_probs: VAD segment 778: start = 2226.88, end = 2227.29 (duration: 0.41)
whisper_vad_segments_from_probs: VAD segment 779: start = 2227.81, end = 2228.29 (duration: 0.48)
whisper_vad_segments_from_probs: VAD segment 780: start = 2228.96, end = 2229.76 (duration: 0.80)
whisper_vad_segments_from_probs: VAD segment 781: start = 2230.50, end = 2232.25 (duration: 1.75)
whisper_vad_segments_from_probs: VAD segment 782: start = 2232.48, end = 2232.93 (duration: 0.45)
whisper_vad_segments_from_probs: VAD segment 783: start = 2233.35, end = 2237.98 (duration: 4.63)
whisper_vad_segments_from_probs: VAD segment 784: start = 2241.44, end = 2241.76 (duration: 0.32)
whisper_vad_segments_from_probs: VAD segment 785: start = 2241.95, end = 2242.53 (duration: 0.58)
whisper_vad_segments_from_probs: VAD segment 786: start = 2243.23, end = 2248.22 (duration: 4.99)
whisper_vad_segments_from_probs: VAD segment 787: start = 2248.39, end = 2249.09 (duration: 0.70)
whisper_vad_segments_from_probs: VAD segment 788: start = 2249.41, end = 2251.45 (duration: 2.04)
whisper_vad_segments_from_probs: VAD segment 789: start = 2251.97, end = 2253.85 (duration: 1.88)
whisper_vad_segments_from_probs: VAD segment 790: start = 2254.43, end = 2255.20 (duration: 0.77)
whisper_vad_segments_from_probs: VAD segment 791: start = 2256.39, end = 2259.97 (duration: 3.58)
whisper_vad_segments_from_probs: VAD segment 792: start = 2260.64, end = 2261.12 (duration: 0.48)
[2m2026-08-19T15:28:03.719693Z[0m [34mDEBUG[0m [2munottr_core::transcribe::chunk[0m[2m:[0m vad done [3mspans[0m[2m=[0m793
[2m2026-08-19T15:28:03.720017Z[0m [32m INFO[0m [2munottr_core::transcribe[0m[2m:[0m chunk plan [3mchunks[0m[2m=[0m103 [3mspeech_ms[0m[2m=[0m2049340 [3mdevice[0m[2m=[0mGpu
[2m2026-08-19T15:28:03.720546Z[0m [32m INFO[0m [2munottr_core::dump[0m[2m:[0m dumped [3mpath[0m[2m=[0m/home/naresh/Desktop/projects-next/unottr/fixtures/corpus-03/chunks.json
whisper_init_from_file_with_params_no_state: loading model from '/tmp/unottr-fixtures/corpus-03/models/ggml-large-v3-turbo-q5_0.bin'
whisper_init_with_params_no_state: use gpu    = 1
whisper_init_with_params_no_state: flash attn = 0
whisper_init_with_params_no_state: gpu_device = 0
whisper_init_with_params_no_state: dtw        = 0
whisper_init_with_params_no_state: devices    = 2
whisper_init_with_params_no_state: backends   = 2
whisper_model_load: loading model
whisper_model_load: n_vocab       = 51866
whisper_model_load: n_audio_ctx   = 1500
whisper_model_load: n_audio_state = 1280
whisper_model_load: n_audio_head  = 20
whisper_model_load: n_audio_layer = 32
whisper_model_load: n_text_ctx    = 448
whisper_model_load: n_text_state  = 1280
whisper_model_load: n_text_head   = 20
whisper_model_load: n_text_layer  = 4
whisper_model_load: n_mels        = 128
whisper_model_load: ftype         = 8
whisper_model_load: qntvr         = 2
whisper_model_load: type          = 5 (large v3)
whisper_model_load: adding 1609 extra tokens
whisper_model_load: n_langs       = 100
whisper_model_load:      Vulkan0 total size =   573.40 MB
whisper_model_load: model size    =  573.40 MB
[2m2026-08-19T15:28:04.019092Z[0m [32m INFO[0m [2munottr_core::transcribe::engine[0m[2m:[0m model loaded [3mdevice[0m[2m=[0mGpu [3mmodel[0m[2m=[0m/tmp/unottr-fixtures/corpus-03/models/ggml-large-v3-turbo-q5_0.bin
whisper_backend_init_gpu: device 0: Vulkan0 (type: 1)
whisper_backend_init_gpu: found GPU device 0: Vulkan0 (type: 1, cnt: 0)
whisper_backend_init_gpu: using Vulkan0 backend
whisper_init_state: kv self size  =   10.49 MB
whisper_init_state: kv cross size =   31.46 MB
whisper_init_state: kv pad  size  =    7.86 MB
whisper_init_state: compute buffer (conv)   =   37.69 MB
whisper_init_state: compute buffer (encode) =  219.99 MB
whisper_init_state: compute buffer (cross)  =   39.99 MB
whisper_init_state: compute buffer (decode) =  100.04 MB
whisper_full_with_state: auto-detected language: en (p = 0.999625)
transcribing   0%whisper_backend_init_gpu: device 0: Vulkan0 (type: 1)
whisper_backend_init_gpu: found GPU device 0: Vulkan0 (type: 1, cnt: 0)
whisper_backend_init_gpu: using Vulkan0 backend
whisper_init_state: kv self size  =   10.49 MB
whisper_init_state: kv cross size =   31.46 MB
whisper_init_state: kv pad  size  =    7.86 MB
whisper_init_state: compute buffer (conv)   =   37.69 MB
whisper_init_state: compute buffer (encode) =  219.99 MB
whisper_init_state: compute buffer (cross)  =   39.99 MB
whisper_init_state: compute buffer (decode) =  100.04 MB
whisper_full_with_state: auto-detected language: en (p = 0.993156)
transcribing   1%whisper_backend_init_gpu: device 0: Vulkan0 (type: 1)
whisper_backend_init_gpu: found GPU device 0: Vulkan0 (type: 1, cnt: 0)
whisper_backend_init_gpu: using Vulkan0 backend
whisper_init_state: kv self size  =   10.49 MB
whisper_init_state: kv cross size =   31.46 MB
whisper_init_state: kv pad  size  =    7.86 MB
whisper_init_state: compute buffer (conv)   =   37.69 MB
whisper_init_state: compute buffer (encode) =  219.99 MB
whisper_init_state: compute buffer (cross)  =   39.99 MB
whisper_init_state: compute buffer (decode) =  100.04 MB
whisper_full_with_state: auto-detected language: en (p = 0.998892)
transcribing   2%whisper_backend_init_gpu: device 0: Vulkan0 (type: 1)
whisper_backend_init_gpu: found GPU device 0: Vulkan0 (type: 1, cnt: 0)
whisper_backend_init_gpu: using Vulkan0 backend
whisper_init_state: kv self size  =   10.49 MB
whisper_init_state: kv cross size =   31.46 MB
whisper_init_state: kv pad  size  =    7.86 MB
whisper_init_state: compute buffer (conv)   =   37.69 MB
whisper_init_state: compute buffer (encode) =  219.99 MB
whisper_init_state: compute buffer (cross)  =   39.99 MB
whisper_init_state: compute buffer (decode) =  100.04 MB
whisper_full_with_state: auto-detected language: en (p = 0.999756)
transcribing   3%whisper_backend_init_gpu: device 0: Vulkan0 (type: 1)
whisper_backend_init_gpu: found GPU device 0: Vulkan0 (type: 1, cnt: 0)
whisper_backend_init_gpu: using Vulkan0 backend
whisper_init_state: kv self size  =   10.49 MB
whisper_init_state: kv cross size =   31.46 MB
whisper_init_state: kv pad  size  =    7.86 MB
whisper_init_state: compute buffer (conv)   =   37.69 MB
whisper_init_state: compute buffer (encode) =  219.99 MB
whisper_init_state: compute buffer (cross)  =   39.99 MB
whisper_init_state: compute buffer (decode) =  100.04 MB
whisper_full_with_state: auto-detected language: en (p = 0.999829)
transcribing   4%whisper_backend_init_gpu: device 0: Vulkan0 (type: 1)
whisper_backend_init_gpu: found GPU device 0: Vulkan0 (type: 1, cnt: 0)
whisper_backend_init_gpu: using Vulkan0 backend
whisper_init_state: kv self size  =   10.49 MB
whisper_init_state: kv cross size =   31.46 MB
whisper_init_state: kv pad  size  =    7.86 MB
whisper_init_state: compute buffer (conv)   =   37.69 MB
whisper_init_state: compute buffer (encode) =  219.99 MB
whisper_init_state: compute buffer (cross)  =   39.99 MB
whisper_init_state: compute buffer (decode) =  100.04 MB
whisper_full_with_state: auto-detected language: en (p = 0.997546)
transcribing   5%whisper_backend_init_gpu: device 0: Vulkan0 (type: 1)
whisper_backend_init_gpu: found GPU device 0: Vulkan0 (type: 1, cnt: 0)
whisper_backend_init_gpu: using Vulkan0 backend
whisper_init_state: kv self size  =   10.49 MB
whisper_init_state: kv cross size =   31.46 MB
whisper_init_state: kv pad  size  =    7.86 MB
whisper_init_state: compute buffer (conv)   =   37.69 MB
whisper_init_state: compute buffer (encode) =  219.99 MB
whisper_init_state: compute buffer (cross)  =   39.99 MB
whisper_init_state: compute buffer (decode) =  100.04 MB
whisper_full_with_state: auto-detected language: en (p = 0.999849)
transcribing   6%whisper_backend_init_gpu: device 0: Vulkan0 (type: 1)
whisper_backend_init_gpu: found GPU device 0: Vulkan0 (type: 1, cnt: 0)
whisper_backend_init_gpu: using Vulkan0 backend
whisper_init_state: kv self size  =   10.49 MB
whisper_init_state: kv cross size =   31.46 MB
whisper_init_state: kv pad  size  =    7.86 MB
whisper_init_state: compute buffer (conv)   =   37.69 MB
whisper_init_state: compute buffer (encode) =  219.99 MB
whisper_init_state: compute buffer (cross)  =   39.99 MB
whisper_init_state: compute buffer (decode) =  100.04 MB
whisper_full_with_state: auto-detected language: en (p = 0.999491)
transcribing   7%whisper_backend_init_gpu: device 0: Vulkan0 (type: 1)
whisper_backend_init_gpu: found GPU device 0: Vulkan0 (type: 1, cnt: 0)
whisper_backend_init_gpu: using Vulkan0 backend
whisper_init_state: kv self size  =   10.49 MB
whisper_init_state: kv cross size =   31.46 MB
whisper_init_state: kv pad  size  =    7.86 MB
whisper_init_state: compute buffer (conv)   =   37.69 MB
whisper_init_state: compute buffer (encode) =  219.99 MB
whisper_init_state: compute buffer (cross)  =   39.99 MB
whisper_init_state: compute buffer (decode) =  100.04 MB
whisper_full_with_state: auto-detected language: en (p = 0.999054)
transcribing   8%whisper_backend_init_gpu: device 0: Vulkan0 (type: 1)
whisper_backend_init_gpu: found GPU device 0: Vulkan0 (type: 1, cnt: 0)
whisper_backend_init_gpu: using Vulkan0 backend
whisper_init_state: kv self size  =   10.49 MB
whisper_init_state: kv cross size =   31.46 MB
whisper_init_state: kv pad  size  =    7.86 MB
whisper_init_state: compute buffer (conv)   =   37.69 MB
whisper_init_state: compute buffer (encode) =  219.99 MB
whisper_init_state: compute buffer (cross)  =   39.99 MB
whisper_init_state: compute buffer (decode) =  100.04 MB
whisper_full_with_state: auto-detected language: en (p = 0.847364)
transcribing   9%whisper_backend_init_gpu: device 0: Vulkan0 (type: 1)
whisper_backend_init_gpu: found GPU device 0: Vulkan0 (type: 1, cnt: 0)
whisper_backend_init_gpu: using Vulkan0 backend
whisper_init_state: kv self size  =   10.49 MB
whisper_init_state: kv cross size =   31.46 MB
whisper_init_state: kv pad  size  =    7.86 MB
whisper_init_state: compute buffer (conv)   =   37.69 MB
whisper_init_state: compute buffer (encode) =  219.99 MB
whisper_init_state: compute buffer (cross)  =   39.99 MB
whisper_init_state: compute buffer (decode) =  100.04 MB
whisper_full_with_state: auto-detected language: en (p = 0.998934)
transcribing  10%whisper_backend_init_gpu: device 0: Vulkan0 (type: 1)
whisper_backend_init_gpu: found GPU device 0: Vulkan0 (type: 1, cnt: 0)
whisper_backend_init_gpu: using Vulkan0 backend
whisper_init_state: kv self size  =   10.49 MB
whisper_init_state: kv cross size =   31.46 MB
whisper_init_state: kv pad  size  =    7.86 MB
whisper_init_state: compute buffer (conv)   =   37.69 MB
whisper_init_state: compute buffer (encode) =  219.99 MB
whisper_init_state: compute buffer (cross)  =   39.99 MB
whisper_init_state: compute buffer (decode) =  100.04 MB
whisper_full_with_state: auto-detected language: en (p = 0.999086)
transcribing  11%whisper_backend_init_gpu: device 0: Vulkan0 (type: 1)
whisper_backend_init_gpu: found GPU device 0: Vulkan0 (type: 1, cnt: 0)
whisper_backend_init_gpu: using Vulkan0 backend
whisper_init_state: kv self size  =   10.49 MB
whisper_init_state: kv cross size =   31.46 MB
whisper_init_state: kv pad  size  =    7.86 MB
whisper_init_state: compute buffer (conv)   =   37.69 MB
whisper_init_state: compute buffer (encode) =  219.99 MB
whisper_init_state: compute buffer (cross)  =   39.99 MB
whisper_init_state: compute buffer (decode) =  100.04 MB
whisper_full_with_state: auto-detected language: en (p = 0.998708)
transcribing  12%whisper_backend_init_gpu: device 0: Vulkan0 (type: 1)
whisper_backend_init_gpu: found GPU device 0: Vulkan0 (type: 1, cnt: 0)
whisper_backend_init_gpu: using Vulkan0 backend
whisper_init_state: kv self size  =   10.49 MB
whisper_init_state: kv cross size =   31.46 MB
whisper_init_state: kv pad  size  =    7.86 MB
whisper_init_state: compute buffer (conv)   =   37.69 MB
whisper_init_state: compute buffer (encode) =  219.99 MB
whisper_init_state: compute buffer (cross)  =   39.99 MB
whisper_init_state: compute buffer (decode) =  100.04 MB
whisper_full_with_state: auto-detected language: en (p = 0.999297)
transcribing  13%whisper_backend_init_gpu: device 0: Vulkan0 (type: 1)
whisper_backend_init_gpu: found GPU device 0: Vulkan0 (type: 1, cnt: 0)
whisper_backend_init_gpu: using Vulkan0 backend
whisper_init_state: kv self size  =   10.49 MB
whisper_init_state: kv cross size =   31.46 MB
whisper_init_state: kv pad  size  =    7.86 MB
whisper_init_state: compute buffer (conv)   =   37.69 MB
whisper_init_state: compute buffer (encode) =  219.99 MB
whisper_init_state: compute buffer (cross)  =   39.99 MB
whisper_init_state: compute buffer (decode) =  100.04 MB
whisper_full_with_state: auto-detected language: en (p = 0.999849)
transcribing  14%whisper_backend_init_gpu: device 0: Vulkan0 (type: 1)
whisper_backend_init_gpu: found GPU device 0: Vulkan0 (type: 1, cnt: 0)
whisper_backend_init_gpu: using Vulkan0 backend
whisper_init_state: kv self size  =   10.49 MB
whisper_init_state: kv cross size =   31.46 MB
whisper_init_state: kv pad  size  =    7.86 MB
whisper_init_state: compute buffer (conv)   =   37.69 MB
whisper_init_state: compute buffer (encode) =  219.99 MB
whisper_init_state: compute buffer (cross)  =   39.99 MB
whisper_init_state: compute buffer (decode) =  100.04 MB
whisper_full_with_state: auto-detected language: en (p = 0.997756)
transcribing  15%whisper_backend_init_gpu: device 0: Vulkan0 (type: 1)
whisper_backend_init_gpu: found GPU device 0: Vulkan0 (type: 1, cnt: 0)
whisper_backend_init_gpu: using Vulkan0 backend
whisper_init_state: kv self size  =   10.49 MB
whisper_init_state: kv cross size =   31.46 MB
whisper_init_state: kv pad  size  =    7.86 MB
whisper_init_state: compute buffer (conv)   =   37.69 MB
whisper_init_state: compute buffer (encode) =  219.99 MB
whisper_init_state: compute buffer (cross)  =   39.99 MB
whisper_init_state: compute buffer (decode) =  100.04 MB
whisper_full_with_state: auto-detected language: en (p = 0.999768)
transcribing  16%whisper_backend_init_gpu: device 0: Vulkan0 (type: 1)
whisper_backend_init_gpu: found GPU device 0: Vulkan0 (type: 1, cnt: 0)
whisper_backend_init_gpu: using Vulkan0 backend
whisper_init_state: kv self size  =   10.49 MB
whisper_init_state: kv cross size =   31.46 MB
whisper_init_state: kv pad  size  =    7.86 MB
whisper_init_state: compute buffer (conv)   =   37.69 MB
whisper_init_state: compute buffer (encode) =  219.99 MB
whisper_init_state: compute buffer (cross)  =   39.99 MB
whisper_init_state: compute buffer (decode) =  100.04 MB
whisper_full_with_state: auto-detected language: en (p = 0.999683)
transcribing  17%whisper_backend_init_gpu: device 0: Vulkan0 (type: 1)
whisper_backend_init_gpu: found GPU device 0: Vulkan0 (type: 1, cnt: 0)
whisper_backend_init_gpu: using Vulkan0 backend
whisper_init_state: kv self size  =   10.49 MB
whisper_init_state: kv cross size =   31.46 MB
whisper_init_state: kv pad  size  =    7.86 MB
whisper_init_state: compute buffer (conv)   =   37.69 MB
whisper_init_state: compute buffer (encode) =  219.99 MB
whisper_init_state: compute buffer (cross)  =   39.99 MB
whisper_init_state: compute buffer (decode) =  100.04 MB
whisper_full_with_state: auto-detected language: en (p = 0.999863)
transcribing  18%whisper_backend_init_gpu: device 0: Vulkan0 (type: 1)
whisper_backend_init_gpu: found GPU device 0: Vulkan0 (type: 1, cnt: 0)
whisper_backend_init_gpu: using Vulkan0 backend
whisper_init_state: kv self size  =   10.49 MB
whisper_init_state: kv cross size =   31.46 MB
whisper_init_state: kv pad  size  =    7.86 MB
whisper_init_state: compute buffer (conv)   =   37.69 MB
whisper_init_state: compute buffer (encode) =  219.99 MB
whisper_init_state: compute buffer (cross)  =   39.99 MB
whisper_init_state: compute buffer (decode) =  100.04 MB
whisper_full_with_state: auto-detected language: en (p = 0.999848)
transcribing  19%whisper_backend_init_gpu: device 0: Vulkan0 (type: 1)
whisper_backend_init_gpu: found GPU device 0: Vulkan0 (type: 1, cnt: 0)
whisper_backend_init_gpu: using Vulkan0 backend
whisper_init_state: kv self size  =   10.49 MB
whisper_init_state: kv cross size =   31.46 MB
whisper_init_state: kv pad  size  =    7.86 MB
whisper_init_state: compute buffer (conv)   =   37.69 MB
whisper_init_state: compute buffer (encode) =  219.99 MB
whisper_init_state: compute buffer (cross)  =   39.99 MB
whisper_init_state: compute buffer (decode) =  100.04 MB
whisper_full_with_state: auto-detected language: en (p = 0.999837)
transcribing  20%whisper_backend_init_gpu: device 0: Vulkan0 (type: 1)
whisper_backend_init_gpu: found GPU device 0: Vulkan0 (type: 1, cnt: 0)
whisper_backend_init_gpu: using Vulkan0 backend
whisper_init_state: kv self size  =   10.49 MB
whisper_init_state: kv cross size =   31.46 MB
whisper_init_state: kv pad  size  =    7.86 MB
whisper_init_state: compute buffer (conv)   =   37.69 MB
whisper_init_state: compute buffer (encode) =  219.99 MB
whisper_init_state: compute buffer (cross)  =   39.99 MB
whisper_init_state: compute buffer (decode) =  100.04 MB
whisper_full_with_state: auto-detected language: en (p = 0.999775)
transcribing  21%whisper_backend_init_gpu: device 0: Vulkan0 (type: 1)
whisper_backend_init_gpu: found GPU device 0: Vulkan0 (type: 1, cnt: 0)
whisper_backend_init_gpu: using Vulkan0 backend
whisper_init_state: kv self size  =   10.49 MB
whisper_init_state: kv cross size =   31.46 MB
whisper_init_state: kv pad  size  =    7.86 MB
whisper_init_state: compute buffer (conv)   =   37.69 MB
whisper_init_state: compute buffer (encode) =  219.99 MB
whisper_init_state: compute buffer (cross)  =   39.99 MB
whisper_init_state: compute buffer (decode) =  100.04 MB
whisper_full_with_state: auto-detected language: en (p = 0.997065)
transcribing  22%whisper_backend_init_gpu: device 0: Vulkan0 (type: 1)
whisper_backend_init_gpu: found GPU device 0: Vulkan0 (type: 1, cnt: 0)
whisper_backend_init_gpu: using Vulkan0 backend
whisper_init_state: kv self size  =   10.49 MB
whisper_init_state: kv cross size =   31.46 MB
whisper_init_state: kv pad  size  =    7.86 MB
whisper_init_state: compute buffer (conv)   =   37.69 MB
whisper_init_state: compute buffer (encode) =  219.99 MB
whisper_init_state: compute buffer (cross)  =   39.99 MB
whisper_init_state: compute buffer (decode) =  100.04 MB
whisper_full_with_state: auto-detected language: en (p = 0.995208)
transcribing  23%whisper_backend_init_gpu: device 0: Vulkan0 (type: 1)
whisper_backend_init_gpu: found GPU device 0: Vulkan0 (type: 1, cnt: 0)
whisper_backend_init_gpu: using Vulkan0 backend
whisper_init_state: kv self size  =   10.49 MB
whisper_init_state: kv cross size =   31.46 MB
whisper_init_state: kv pad  size  =    7.86 MB
whisper_init_state: compute buffer (conv)   =   37.69 MB
whisper_init_state: compute buffer (encode) =  219.99 MB
whisper_init_state: compute buffer (cross)  =   39.99 MB
whisper_init_state: compute buffer (decode) =  100.04 MB
whisper_full_with_state: auto-detected language: en (p = 0.985521)
transcribing  24%whisper_backend_init_gpu: device 0: Vulkan0 (type: 1)
whisper_backend_init_gpu: found GPU device 0: Vulkan0 (type: 1, cnt: 0)
whisper_backend_init_gpu: using Vulkan0 backend
whisper_init_state: kv self size  =   10.49 MB
whisper_init_state: kv cross size =   31.46 MB
whisper_init_state: kv pad  size  =    7.86 MB
whisper_init_state: compute buffer (conv)   =   37.69 MB
whisper_init_state: compute buffer (encode) =  219.99 MB
whisper_init_state: compute buffer (cross)  =   39.99 MB
whisper_init_state: compute buffer (decode) =  100.04 MB
whisper_full_with_state: auto-detected language: en (p = 0.994278)
transcribing  25%whisper_backend_init_gpu: device 0: Vulkan0 (type: 1)
whisper_backend_init_gpu: found GPU device 0: Vulkan0 (type: 1, cnt: 0)
whisper_backend_init_gpu: using Vulkan0 backend
whisper_init_state: kv self size  =   10.49 MB
whisper_init_state: kv cross size =   31.46 MB
whisper_init_state: kv pad  size  =    7.86 MB
whisper_init_state: compute buffer (conv)   =   37.69 MB
whisper_init_state: compute buffer (encode) =  219.99 MB
whisper_init_state: compute buffer (cross)  =   39.99 MB
whisper_init_state: compute buffer (decode) =  100.04 MB
whisper_full_with_state: auto-detected language: en (p = 0.983174)
transcribing  26%whisper_backend_init_gpu: device 0: Vulkan0 (type: 1)
whisper_backend_init_gpu: found GPU device 0: Vulkan0 (type: 1, cnt: 0)
whisper_backend_init_gpu: using Vulkan0 backend
whisper_init_state: kv self size  =   10.49 MB
whisper_init_state: kv cross size =   31.46 MB
whisper_init_state: kv pad  size  =    7.86 MB
whisper_init_state: compute buffer (conv)   =   37.69 MB
whisper_init_state: compute buffer (encode) =  219.99 MB
whisper_init_state: compute buffer (cross)  =   39.99 MB
whisper_init_state: compute buffer (decode) =  100.04 MB
whisper_full_with_state: auto-detected language: en (p = 0.930021)
transcribing  27%whisper_backend_init_gpu: device 0: Vulkan0 (type: 1)
whisper_backend_init_gpu: found GPU device 0: Vulkan0 (type: 1, cnt: 0)
whisper_backend_init_gpu: using Vulkan0 backend
whisper_init_state: kv self size  =   10.49 MB
whisper_init_state: kv cross size =   31.46 MB
whisper_init_state: kv pad  size  =    7.86 MB
whisper_init_state: compute buffer (conv)   =   37.69 MB
whisper_init_state: compute buffer (encode) =  219.99 MB
whisper_init_state: compute buffer (cross)  =   39.99 MB
whisper_init_state: compute buffer (decode) =  100.04 MB
whisper_full_with_state: auto-detected language: en (p = 0.831390)
transcribing  28%whisper_backend_init_gpu: device 0: Vulkan0 (type: 1)
whisper_backend_init_gpu: found GPU device 0: Vulkan0 (type: 1, cnt: 0)
whisper_backend_init_gpu: using Vulkan0 backend
whisper_init_state: kv self size  =   10.49 MB
whisper_init_state: kv cross size =   31.46 MB
whisper_init_state: kv pad  size  =    7.86 MB
whisper_init_state: compute buffer (conv)   =   37.69 MB
whisper_init_state: compute buffer (encode) =  219.99 MB
whisper_init_state: compute buffer (cross)  =   39.99 MB
whisper_init_state: compute buffer (decode) =  100.04 MB
whisper_full_with_state: auto-detected language: en (p = 0.994955)
transcribing  29%whisper_backend_init_gpu: device 0: Vulkan0 (type: 1)
whisper_backend_init_gpu: found GPU device 0: Vulkan0 (type: 1, cnt: 0)
whisper_backend_init_gpu: using Vulkan0 backend
whisper_init_state: kv self size  =   10.49 MB
whisper_init_state: kv cross size =   31.46 MB
whisper_init_state: kv pad  size  =    7.86 MB
whisper_init_state: compute buffer (conv)   =   37.69 MB
whisper_init_state: compute buffer (encode) =  219.99 MB
whisper_init_state: compute buffer (cross)  =   39.99 MB
whisper_init_state: compute buffer (decode) =  100.04 MB
whisper_full_with_state: auto-detected language: en (p = 0.999712)
transcribing  30%whisper_backend_init_gpu: device 0: Vulkan0 (type: 1)
whisper_backend_init_gpu: found GPU device 0: Vulkan0 (type: 1, cnt: 0)
whisper_backend_init_gpu: using Vulkan0 backend
whisper_init_state: kv self size  =   10.49 MB
whisper_init_state: kv cross size =   31.46 MB
whisper_init_state: kv pad  size  =    7.86 MB
whisper_init_state: compute buffer (conv)   =   37.69 MB
whisper_init_state: compute buffer (encode) =  219.99 MB
whisper_init_state: compute buffer (cross)  =   39.99 MB
whisper_init_state: compute buffer (decode) =  100.04 MB
whisper_full_with_state: auto-detected language: ms (p = 0.761409)
transcribing  31%whisper_backend_init_gpu: device 0: Vulkan0 (type: 1)
whisper_backend_init_gpu: found GPU device 0: Vulkan0 (type: 1, cnt: 0)
whisper_backend_init_gpu: using Vulkan0 backend
whisper_init_state: kv self size  =   10.49 MB
whisper_init_state: kv cross size =   31.46 MB
whisper_init_state: kv pad  size  =    7.86 MB
whisper_init_state: compute buffer (conv)   =   37.69 MB
whisper_init_state: compute buffer (encode) =  219.99 MB
whisper_init_state: compute buffer (cross)  =   39.99 MB
whisper_init_state: compute buffer (decode) =  100.04 MB
whisper_full_with_state: auto-detected language: en (p = 0.696576)
transcribing  32%whisper_backend_init_gpu: device 0: Vulkan0 (type: 1)
whisper_backend_init_gpu: found GPU device 0: Vulkan0 (type: 1, cnt: 0)
whisper_backend_init_gpu: using Vulkan0 backend
whisper_init_state: kv self size  =   10.49 MB
whisper_init_state: kv cross size =   31.46 MB
whisper_init_state: kv pad  size  =    7.86 MB
whisper_init_state: compute buffer (conv)   =   37.69 MB
whisper_init_state: compute buffer (encode) =  219.99 MB
whisper_init_state: compute buffer (cross)  =   39.99 MB
whisper_init_state: compute buffer (decode) =  100.04 MB
whisper_full_with_state: auto-detected language: en (p = 0.988205)
transcribing  33%whisper_backend_init_gpu: device 0: Vulkan0 (type: 1)
whisper_backend_init_gpu: found GPU device 0: Vulkan0 (type: 1, cnt: 0)
whisper_backend_init_gpu: using Vulkan0 backend
whisper_init_state: kv self size  =   10.49 MB
whisper_init_state: kv cross size =   31.46 MB
whisper_init_state: kv pad  size  =    7.86 MB
whisper_init_state: compute buffer (conv)   =   37.69 MB
whisper_init_state: compute buffer (encode) =  219.99 MB
whisper_init_state: compute buffer (cross)  =   39.99 MB
whisper_init_state: compute buffer (decode) =  100.04 MB
whisper_full_with_state: auto-detected language: en (p = 0.993549)
whisper_backend_init_gpu: device 0: Vulkan0 (type: 1)
whisper_backend_init_gpu: found GPU device 0: Vulkan0 (type: 1, cnt: 0)
whisper_backend_init_gpu: using Vulkan0 backend
whisper_init_state: kv self size  =   10.49 MB
whisper_init_state: kv cross size =   31.46 MB
whisper_init_state: kv pad  size  =    7.86 MB
whisper_init_state: compute buffer (conv)   =   37.69 MB
whisper_init_state: compute buffer (encode) =  219.99 MB
whisper_init_state: compute buffer (cross)  =   39.99 MB
whisper_init_state: compute buffer (decode) =  100.04 MB
whisper_full_with_state: auto-detected language: en (p = 0.999392)
transcribing  34%whisper_backend_init_gpu: device 0: Vulkan0 (type: 1)
whisper_backend_init_gpu: found GPU device 0: Vulkan0 (type: 1, cnt: 0)
whisper_backend_init_gpu: using Vulkan0 backend
whisper_init_state: kv self size  =   10.49 MB
whisper_init_state: kv cross size =   31.46 MB
whisper_init_state: kv pad  size  =    7.86 MB
whisper_init_state: compute buffer (conv)   =   37.69 MB
whisper_init_state: compute buffer (encode) =  219.99 MB
whisper_init_state: compute buffer (cross)  =   39.99 MB
whisper_init_state: compute buffer (decode) =  100.04 MB
whisper_full_with_state: auto-detected language: en (p = 0.999842)
transcribing  35%whisper_backend_init_gpu: device 0: Vulkan0 (type: 1)
whisper_backend_init_gpu: found GPU device 0: Vulkan0 (type: 1, cnt: 0)
whisper_backend_init_gpu: using Vulkan0 backend
whisper_init_state: kv self size  =   10.49 MB
whisper_init_state: kv cross size =   31.46 MB
whisper_init_state: kv pad  size  =    7.86 MB
whisper_init_state: compute buffer (conv)   =   37.69 MB
whisper_init_state: compute buffer (encode) =  219.99 MB
whisper_init_state: compute buffer (cross)  =   39.99 MB
whisper_init_state: compute buffer (decode) =  100.04 MB
whisper_full_with_state: auto-detected language: en (p = 0.999819)
transcribing  36%whisper_backend_init_gpu: device 0: Vulkan0 (type: 1)
whisper_backend_init_gpu: found GPU device 0: Vulkan0 (type: 1, cnt: 0)
whisper_backend_init_gpu: using Vulkan0 backend
whisper_init_state: kv self size  =   10.49 MB
whisper_init_state: kv cross size =   31.46 MB
whisper_init_state: kv pad  size  =    7.86 MB
whisper_init_state: compute buffer (conv)   =   37.69 MB
whisper_init_state: compute buffer (encode) =  219.99 MB
whisper_init_state: compute buffer (cross)  =   39.99 MB
whisper_init_state: compute buffer (decode) =  100.04 MB
whisper_full_with_state: auto-detected language: en (p = 0.999788)
transcribing  37%whisper_backend_init_gpu: device 0: Vulkan0 (type: 1)
whisper_backend_init_gpu: found GPU device 0: Vulkan0 (type: 1, cnt: 0)
whisper_backend_init_gpu: using Vulkan0 backend
whisper_init_state: kv self size  =   10.49 MB
whisper_init_state: kv cross size =   31.46 MB
whisper_init_state: kv pad  size  =    7.86 MB
whisper_init_state: compute buffer (conv)   =   37.69 MB
whisper_init_state: compute buffer (encode) =  219.99 MB
whisper_init_state: compute buffer (cross)  =   39.99 MB
whisper_init_state: compute buffer (decode) =  100.04 MB
whisper_full_with_state: auto-detected language: en (p = 0.999780)
transcribing  38%whisper_backend_init_gpu: device 0: Vulkan0 (type: 1)
whisper_backend_init_gpu: found GPU device 0: Vulkan0 (type: 1, cnt: 0)
whisper_backend_init_gpu: using Vulkan0 backend
whisper_init_state: kv self size  =   10.49 MB
whisper_init_state: kv cross size =   31.46 MB
whisper_init_state: kv pad  size  =    7.86 MB
whisper_init_state: compute buffer (conv)   =   37.69 MB
whisper_init_state: compute buffer (encode) =  219.99 MB
whisper_init_state: compute buffer (cross)  =   39.99 MB
whisper_init_state: compute buffer (decode) =  100.04 MB
whisper_full_with_state: auto-detected language: en (p = 0.999716)
transcribing  39%whisper_backend_init_gpu: device 0: Vulkan0 (type: 1)
whisper_backend_init_gpu: found GPU device 0: Vulkan0 (type: 1, cnt: 0)
whisper_backend_init_gpu: using Vulkan0 backend
whisper_init_state: kv self size  =   10.49 MB
whisper_init_state: kv cross size =   31.46 MB
whisper_init_state: kv pad  size  =    7.86 MB
whisper_init_state: compute buffer (conv)   =   37.69 MB
whisper_init_state: compute buffer (encode) =  219.99 MB
whisper_init_state: compute buffer (cross)  =   39.99 MB
whisper_init_state: compute buffer (decode) =  100.04 MB
whisper_full_with_state: auto-detected language: en (p = 0.999861)
transcribing  40%whisper_backend_init_gpu: device 0: Vulkan0 (type: 1)
whisper_backend_init_gpu: found GPU device 0: Vulkan0 (type: 1, cnt: 0)
whisper_backend_init_gpu: using Vulkan0 backend
whisper_init_state: kv self size  =   10.49 MB
whisper_init_state: kv cross size =   31.46 MB
whisper_init_state: kv pad  size  =    7.86 MB
whisper_init_state: compute buffer (conv)   =   37.69 MB
whisper_init_state: compute buffer (encode) =  219.99 MB
whisper_init_state: compute buffer (cross)  =   39.99 MB
whisper_init_state: compute buffer (decode) =  100.04 MB
whisper_full_with_state: auto-detected language: en (p = 0.999674)
transcribing  41%whisper_backend_init_gpu: device 0: Vulkan0 (type: 1)
whisper_backend_init_gpu: found GPU device 0: Vulkan0 (type: 1, cnt: 0)
whisper_backend_init_gpu: using Vulkan0 backend
whisper_init_state: kv self size  =   10.49 MB
whisper_init_state: kv cross size =   31.46 MB
whisper_init_state: kv pad  size  =    7.86 MB
whisper_init_state: compute buffer (conv)   =   37.69 MB
whisper_init_state: compute buffer (encode) =  219.99 MB
whisper_init_state: compute buffer (cross)  =   39.99 MB
whisper_init_state: compute buffer (decode) =  100.04 MB
whisper_full_with_state: auto-detected language: en (p = 0.908915)
transcribing  42%whisper_backend_init_gpu: device 0: Vulkan0 (type: 1)
whisper_backend_init_gpu: found GPU device 0: Vulkan0 (type: 1, cnt: 0)
whisper_backend_init_gpu: using Vulkan0 backend
whisper_init_state: kv self size  =   10.49 MB
whisper_init_state: kv cross size =   31.46 MB
whisper_init_state: kv pad  size  =    7.86 MB
whisper_init_state: compute buffer (conv)   =   37.69 MB
whisper_init_state: compute buffer (encode) =  219.99 MB
whisper_init_state: compute buffer (cross)  =   39.99 MB
whisper_init_state: compute buffer (decode) =  100.04 MB
whisper_full_with_state: auto-detected language: en (p = 0.938463)
transcribing  43%whisper_backend_init_gpu: device 0: Vulkan0 (type: 1)
whisper_backend_init_gpu: found GPU device 0: Vulkan0 (type: 1, cnt: 0)
whisper_backend_init_gpu: using Vulkan0 backend
whisper_init_state: kv self size  =   10.49 MB
whisper_init_state: kv cross size =   31.46 MB
whisper_init_state: kv pad  size  =    7.86 MB
whisper_init_state: compute buffer (conv)   =   37.69 MB
whisper_init_state: compute buffer (encode) =  219.99 MB
whisper_init_state: compute buffer (cross)  =   39.99 MB
whisper_init_state: compute buffer (decode) =  100.04 MB
whisper_full_with_state: auto-detected language: en (p = 0.992195)
transcribing  44%whisper_backend_init_gpu: device 0: Vulkan0 (type: 1)
whisper_backend_init_gpu: found GPU device 0: Vulkan0 (type: 1, cnt: 0)
whisper_backend_init_gpu: using Vulkan0 backend
whisper_init_state: kv self size  =   10.49 MB
whisper_init_state: kv cross size =   31.46 MB
whisper_init_state: kv pad  size  =    7.86 MB
whisper_init_state: compute buffer (conv)   =   37.69 MB
whisper_init_state: compute buffer (encode) =  219.99 MB
whisper_init_state: compute buffer (cross)  =   39.99 MB
whisper_init_state: compute buffer (decode) =  100.04 MB
whisper_full_with_state: auto-detected language: en (p = 0.958723)
transcribing  45%whisper_backend_init_gpu: device 0: Vulkan0 (type: 1)
whisper_backend_init_gpu: found GPU device 0: Vulkan0 (type: 1, cnt: 0)
whisper_backend_init_gpu: using Vulkan0 backend
whisper_init_state: kv self size  =   10.49 MB
whisper_init_state: kv cross size =   31.46 MB
whisper_init_state: kv pad  size  =    7.86 MB
whisper_init_state: compute buffer (conv)   =   37.69 MB
whisper_init_state: compute buffer (encode) =  219.99 MB
whisper_init_state: compute buffer (cross)  =   39.99 MB
whisper_init_state: compute buffer (decode) =  100.04 MB
whisper_full_with_state: auto-detected language: en (p = 0.995673)
transcribing  46%whisper_backend_init_gpu: device 0: Vulkan0 (type: 1)
whisper_backend_init_gpu: found GPU device 0: Vulkan0 (type: 1, cnt: 0)
whisper_backend_init_gpu: using Vulkan0 backend
whisper_init_state: kv self size  =   10.49 MB
whisper_init_state: kv cross size =   31.46 MB
whisper_init_state: kv pad  size  =    7.86 MB
whisper_init_state: compute buffer (conv)   =   37.69 MB
whisper_init_state: compute buffer (encode) =  219.99 MB
whisper_init_state: compute buffer (cross)  =   39.99 MB
whisper_init_state: compute buffer (decode) =  100.04 MB
whisper_full_with_state: auto-detected language: en (p = 0.997948)
transcribing  47%whisper_backend_init_gpu: device 0: Vulkan0 (type: 1)
whisper_backend_init_gpu: found GPU device 0: Vulkan0 (type: 1, cnt: 0)
whisper_backend_init_gpu: using Vulkan0 backend
whisper_init_state: kv self size  =   10.49 MB
whisper_init_state: kv cross size =   31.46 MB
whisper_init_state: kv pad  size  =    7.86 MB
whisper_init_state: compute buffer (conv)   =   37.69 MB
whisper_init_state: compute buffer (encode) =  219.99 MB
whisper_init_state: compute buffer (cross)  =   39.99 MB
whisper_init_state: compute buffer (decode) =  100.04 MB
whisper_full_with_state: auto-detected language: en (p = 0.998554)
transcribing  48%whisper_backend_init_gpu: device 0: Vulkan0 (type: 1)
whisper_backend_init_gpu: found GPU device 0: Vulkan0 (type: 1, cnt: 0)
whisper_backend_init_gpu: using Vulkan0 backend
whisper_init_state: kv self size  =   10.49 MB
whisper_init_state: kv cross size =   31.46 MB
whisper_init_state: kv pad  size  =    7.86 MB
whisper_init_state: compute buffer (conv)   =   37.69 MB
whisper_init_state: compute buffer (encode) =  219.99 MB
whisper_init_state: compute buffer (cross)  =   39.99 MB
whisper_init_state: compute buffer (decode) =  100.04 MB
whisper_full_with_state: auto-detected language: en (p = 0.995785)
transcribing  49%whisper_backend_init_gpu: device 0: Vulkan0 (type: 1)
whisper_backend_init_gpu: found GPU device 0: Vulkan0 (type: 1, cnt: 0)
whisper_backend_init_gpu: using Vulkan0 backend
whisper_init_state: kv self size  =   10.49 MB
whisper_init_state: kv cross size =   31.46 MB
whisper_init_state: kv pad  size  =    7.86 MB
whisper_init_state: compute buffer (conv)   =   37.69 MB
whisper_init_state: compute buffer (encode) =  219.99 MB
whisper_init_state: compute buffer (cross)  =   39.99 MB
whisper_init_state: compute buffer (decode) =  100.04 MB
whisper_full_with_state: auto-detected language: en (p = 0.985304)
transcribing  50%whisper_backend_init_gpu: device 0: Vulkan0 (type: 1)
whisper_backend_init_gpu: found GPU device 0: Vulkan0 (type: 1, cnt: 0)
whisper_backend_init_gpu: using Vulkan0 backend
whisper_init_state: kv self size  =   10.49 MB
whisper_init_state: kv cross size =   31.46 MB
whisper_init_state: kv pad  size  =    7.86 MB
whisper_init_state: compute buffer (conv)   =   37.69 MB
whisper_init_state: compute buffer (encode) =  219.99 MB
whisper_init_state: compute buffer (cross)  =   39.99 MB
whisper_init_state: compute buffer (decode) =  100.04 MB
whisper_full_with_state: auto-detected language: en (p = 0.994052)
transcribing  51%whisper_backend_init_gpu: device 0: Vulkan0 (type: 1)
whisper_backend_init_gpu: found GPU device 0: Vulkan0 (type: 1, cnt: 0)
whisper_backend_init_gpu: using Vulkan0 backend
whisper_init_state: kv self size  =   10.49 MB
whisper_init_state: kv cross size =   31.46 MB
whisper_init_state: kv pad  size  =    7.86 MB
whisper_init_state: compute buffer (conv)   =   37.69 MB
whisper_init_state: compute buffer (encode) =  219.99 MB
whisper_init_state: compute buffer (cross)  =   39.99 MB
whisper_init_state: compute buffer (decode) =  100.04 MB
whisper_full_with_state: auto-detected language: en (p = 0.929157)
transcribing  52%whisper_backend_init_gpu: device 0: Vulkan0 (type: 1)
whisper_backend_init_gpu: found GPU device 0: Vulkan0 (type: 1, cnt: 0)
whisper_backend_init_gpu: using Vulkan0 backend
whisper_init_state: kv self size  =   10.49 MB
whisper_init_state: kv cross size =   31.46 MB
whisper_init_state: kv pad  size  =    7.86 MB
whisper_init_state: compute buffer (conv)   =   37.69 MB
whisper_init_state: compute buffer (encode) =  219.99 MB
whisper_init_state: compute buffer (cross)  =   39.99 MB
whisper_init_state: compute buffer (decode) =  100.04 MB
whisper_full_with_state: auto-detected language: en (p = 0.998401)
transcribing  53%whisper_backend_init_gpu: device 0: Vulkan0 (type: 1)
whisper_backend_init_gpu: found GPU device 0: Vulkan0 (type: 1, cnt: 0)
whisper_backend_init_gpu: using Vulkan0 backend
whisper_init_state: kv self size  =   10.49 MB
whisper_init_state: kv cross size =   31.46 MB
whisper_init_state: kv pad  size  =    7.86 MB
whisper_init_state: compute buffer (conv)   =   37.69 MB
whisper_init_state: compute buffer (encode) =  219.99 MB
whisper_init_state: compute buffer (cross)  =   39.99 MB
whisper_init_state: compute buffer (decode) =  100.04 MB
whisper_full_with_state: auto-detected language: ms (p = 0.824333)
transcribing  54%whisper_backend_init_gpu: device 0: Vulkan0 (type: 1)
whisper_backend_init_gpu: found GPU device 0: Vulkan0 (type: 1, cnt: 0)
whisper_backend_init_gpu: using Vulkan0 backend
whisper_init_state: kv self size  =   10.49 MB
whisper_init_state: kv cross size =   31.46 MB
whisper_init_state: kv pad  size  =    7.86 MB
whisper_init_state: compute buffer (conv)   =   37.69 MB
whisper_init_state: compute buffer (encode) =  219.99 MB
whisper_init_state: compute buffer (cross)  =   39.99 MB
whisper_init_state: compute buffer (decode) =  100.04 MB
whisper_full_with_state: auto-detected language: en (p = 0.985227)
transcribing  55%whisper_backend_init_gpu: device 0: Vulkan0 (type: 1)
whisper_backend_init_gpu: found GPU device 0: Vulkan0 (type: 1, cnt: 0)
whisper_backend_init_gpu: using Vulkan0 backend
whisper_init_state: kv self size  =   10.49 MB
whisper_init_state: kv cross size =   31.46 MB
whisper_init_state: kv pad  size  =    7.86 MB
whisper_init_state: compute buffer (conv)   =   37.69 MB
whisper_init_state: compute buffer (encode) =  219.99 MB
whisper_init_state: compute buffer (cross)  =   39.99 MB
whisper_init_state: compute buffer (decode) =  100.04 MB
whisper_full_with_state: auto-detected language: it (p = 0.291063)
transcribing  56%whisper_backend_init_gpu: device 0: Vulkan0 (type: 1)
whisper_backend_init_gpu: found GPU device 0: Vulkan0 (type: 1, cnt: 0)
whisper_backend_init_gpu: using Vulkan0 backend
whisper_init_state: kv self size  =   10.49 MB
whisper_init_state: kv cross size =   31.46 MB
whisper_init_state: kv pad  size  =    7.86 MB
whisper_init_state: compute buffer (conv)   =   37.69 MB
whisper_init_state: compute buffer (encode) =  219.99 MB
whisper_init_state: compute buffer (cross)  =   39.99 MB
whisper_init_state: compute buffer (decode) =  100.04 MB
whisper_full_with_state: auto-detected language: en (p = 0.996099)
transcribing  57%whisper_backend_init_gpu: device 0: Vulkan0 (type: 1)
whisper_backend_init_gpu: found GPU device 0: Vulkan0 (type: 1, cnt: 0)
whisper_backend_init_gpu: using Vulkan0 backend
whisper_init_state: kv self size  =   10.49 MB
whisper_init_state: kv cross size =   31.46 MB
whisper_init_state: kv pad  size  =    7.86 MB
whisper_init_state: compute buffer (conv)   =   37.69 MB
whisper_init_state: compute buffer (encode) =  219.99 MB
whisper_init_state: compute buffer (cross)  =   39.99 MB
whisper_init_state: compute buffer (decode) =  100.04 MB
whisper_full_with_state: auto-detected language: en (p = 0.945029)
transcribing  58%whisper_backend_init_gpu: device 0: Vulkan0 (type: 1)
whisper_backend_init_gpu: found GPU device 0: Vulkan0 (type: 1, cnt: 0)
whisper_backend_init_gpu: using Vulkan0 backend
whisper_init_state: kv self size  =   10.49 MB
whisper_init_state: kv cross size =   31.46 MB
whisper_init_state: kv pad  size  =    7.86 MB
whisper_init_state: compute buffer (conv)   =   37.69 MB
whisper_init_state: compute buffer (encode) =  219.99 MB
whisper_init_state: compute buffer (cross)  =   39.99 MB
whisper_init_state: compute buffer (decode) =  100.04 MB
whisper_full_with_state: auto-detected language: en (p = 0.996376)
transcribing  59%whisper_backend_init_gpu: device 0: Vulkan0 (type: 1)
whisper_backend_init_gpu: found GPU device 0: Vulkan0 (type: 1, cnt: 0)
whisper_backend_init_gpu: using Vulkan0 backend
whisper_init_state: kv self size  =   10.49 MB
whisper_init_state: kv cross size =   31.46 MB
whisper_init_state: kv pad  size  =    7.86 MB
whisper_init_state: compute buffer (conv)   =   37.69 MB
whisper_init_state: compute buffer (encode) =  219.99 MB
whisper_init_state: compute buffer (cross)  =   39.99 MB
whisper_init_state: compute buffer (decode) =  100.04 MB
whisper_full_with_state: auto-detected language: en (p = 0.995009)
transcribing  60%whisper_backend_init_gpu: device 0: Vulkan0 (type: 1)
whisper_backend_init_gpu: found GPU device 0: Vulkan0 (type: 1, cnt: 0)
whisper_backend_init_gpu: using Vulkan0 backend
whisper_init_state: kv self size  =   10.49 MB
whisper_init_state: kv cross size =   31.46 MB
whisper_init_state: kv pad  size  =    7.86 MB
whisper_init_state: compute buffer (conv)   =   37.69 MB
whisper_init_state: compute buffer (encode) =  219.99 MB
whisper_init_state: compute buffer (cross)  =   39.99 MB
whisper_init_state: compute buffer (decode) =  100.04 MB
whisper_full_with_state: auto-detected language: en (p = 0.984613)
transcribing  61%whisper_backend_init_gpu: device 0: Vulkan0 (type: 1)
whisper_backend_init_gpu: found GPU device 0: Vulkan0 (type: 1, cnt: 0)
whisper_backend_init_gpu: using Vulkan0 backend
whisper_init_state: kv self size  =   10.49 MB
whisper_init_state: kv cross size =   31.46 MB
whisper_init_state: kv pad  size  =    7.86 MB
whisper_init_state: compute buffer (conv)   =   37.69 MB
whisper_init_state: compute buffer (encode) =  219.99 MB
whisper_init_state: compute buffer (cross)  =   39.99 MB
whisper_init_state: compute buffer (decode) =  100.04 MB
whisper_full_with_state: auto-detected language: en (p = 0.642833)
transcribing  62%whisper_backend_init_gpu: device 0: Vulkan0 (type: 1)
whisper_backend_init_gpu: found GPU device 0: Vulkan0 (type: 1, cnt: 0)
whisper_backend_init_gpu: using Vulkan0 backend
whisper_init_state: kv self size  =   10.49 MB
whisper_init_state: kv cross size =   31.46 MB
whisper_init_state: kv pad  size  =    7.86 MB
whisper_init_state: compute buffer (conv)   =   37.69 MB
whisper_init_state: compute buffer (encode) =  219.99 MB
whisper_init_state: compute buffer (cross)  =   39.99 MB
whisper_init_state: compute buffer (decode) =  100.04 MB
whisper_full_with_state: auto-detected language: en (p = 0.996322)
transcribing  63%whisper_backend_init_gpu: device 0: Vulkan0 (type: 1)
whisper_backend_init_gpu: found GPU device 0: Vulkan0 (type: 1, cnt: 0)
whisper_backend_init_gpu: using Vulkan0 backend
whisper_init_state: kv self size  =   10.49 MB
whisper_init_state: kv cross size =   31.46 MB
whisper_init_state: kv pad  size  =    7.86 MB
whisper_init_state: compute buffer (conv)   =   37.69 MB
whisper_init_state: compute buffer (encode) =  219.99 MB
whisper_init_state: compute buffer (cross)  =   39.99 MB
whisper_init_state: compute buffer (decode) =  100.04 MB
whisper_full_with_state: auto-detected language: en (p = 0.993074)
transcribing  64%whisper_backend_init_gpu: device 0: Vulkan0 (type: 1)
whisper_backend_init_gpu: found GPU device 0: Vulkan0 (type: 1, cnt: 0)
whisper_backend_init_gpu: using Vulkan0 backend
whisper_init_state: kv self size  =   10.49 MB
whisper_init_state: kv cross size =   31.46 MB
whisper_init_state: kv pad  size  =    7.86 MB
whisper_init_state: compute buffer (conv)   =   37.69 MB
whisper_init_state: compute buffer (encode) =  219.99 MB
whisper_init_state: compute buffer (cross)  =   39.99 MB
whisper_init_state: compute buffer (decode) =  100.04 MB
whisper_full_with_state: auto-detected language: en (p = 0.996844)
transcribing  65%whisper_backend_init_gpu: device 0: Vulkan0 (type: 1)
whisper_backend_init_gpu: found GPU device 0: Vulkan0 (type: 1, cnt: 0)
whisper_backend_init_gpu: using Vulkan0 backend
whisper_init_state: kv self size  =   10.49 MB
whisper_init_state: kv cross size =   31.46 MB
whisper_init_state: kv pad  size  =    7.86 MB
whisper_init_state: compute buffer (conv)   =   37.69 MB
whisper_init_state: compute buffer (encode) =  219.99 MB
whisper_init_state: compute buffer (cross)  =   39.99 MB
whisper_init_state: compute buffer (decode) =  100.04 MB
whisper_full_with_state: auto-detected language: en (p = 0.973366)
transcribing  66%whisper_backend_init_gpu: device 0: Vulkan0 (type: 1)
whisper_backend_init_gpu: found GPU device 0: Vulkan0 (type: 1, cnt: 0)
whisper_backend_init_gpu: using Vulkan0 backend
whisper_init_state: kv self size  =   10.49 MB
whisper_init_state: kv cross size =   31.46 MB
whisper_init_state: kv pad  size  =    7.86 MB
whisper_init_state: compute buffer (conv)   =   37.69 MB
whisper_init_state: compute buffer (encode) =  219.99 MB
whisper_init_state: compute buffer (cross)  =   39.99 MB
whisper_init_state: compute buffer (decode) =  100.04 MB
whisper_full_with_state: auto-detected language: en (p = 0.995657)
whisper_backend_init_gpu: device 0: Vulkan0 (type: 1)
whisper_backend_init_gpu: found GPU device 0: Vulkan0 (type: 1, cnt: 0)
whisper_backend_init_gpu: using Vulkan0 backend
whisper_init_state: kv self size  =   10.49 MB
whisper_init_state: kv cross size =   31.46 MB
whisper_init_state: kv pad  size  =    7.86 MB
whisper_init_state: compute buffer (conv)   =   37.69 MB
whisper_init_state: compute buffer (encode) =  219.99 MB
whisper_init_state: compute buffer (cross)  =   39.99 MB
whisper_init_state: compute buffer (decode) =  100.04 MB
whisper_full_with_state: auto-detected language: en (p = 0.996712)
transcribing  67%whisper_backend_init_gpu: device 0: Vulkan0 (type: 1)
whisper_backend_init_gpu: found GPU device 0: Vulkan0 (type: 1, cnt: 0)
whisper_backend_init_gpu: using Vulkan0 backend
whisper_init_state: kv self size  =   10.49 MB
whisper_init_state: kv cross size =   31.46 MB
whisper_init_state: kv pad  size  =    7.86 MB
whisper_init_state: compute buffer (conv)   =   37.69 MB
whisper_init_state: compute buffer (encode) =  219.99 MB
whisper_init_state: compute buffer (cross)  =   39.99 MB
whisper_init_state: compute buffer (decode) =  100.04 MB
whisper_full_with_state: auto-detected language: en (p = 0.981415)
transcribing  68%whisper_backend_init_gpu: device 0: Vulkan0 (type: 1)
whisper_backend_init_gpu: found GPU device 0: Vulkan0 (type: 1, cnt: 0)
whisper_backend_init_gpu: using Vulkan0 backend
whisper_init_state: kv self size  =   10.49 MB
whisper_init_state: kv cross size =   31.46 MB
whisper_init_state: kv pad  size  =    7.86 MB
whisper_init_state: compute buffer (conv)   =   37.69 MB
whisper_init_state: compute buffer (encode) =  219.99 MB
whisper_init_state: compute buffer (cross)  =   39.99 MB
whisper_init_state: compute buffer (decode) =  100.04 MB
whisper_full_with_state: auto-detected language: en (p = 0.990237)
transcribing  69%whisper_backend_init_gpu: device 0: Vulkan0 (type: 1)
whisper_backend_init_gpu: found GPU device 0: Vulkan0 (type: 1, cnt: 0)
whisper_backend_init_gpu: using Vulkan0 backend
whisper_init_state: kv self size  =   10.49 MB
whisper_init_state: kv cross size =   31.46 MB
whisper_init_state: kv pad  size  =    7.86 MB
whisper_init_state: compute buffer (conv)   =   37.69 MB
whisper_init_state: compute buffer (encode) =  219.99 MB
whisper_init_state: compute buffer (cross)  =   39.99 MB
whisper_init_state: compute buffer (decode) =  100.04 MB
whisper_full_with_state: auto-detected language: en (p = 0.988365)
transcribing  70%whisper_backend_init_gpu: device 0: Vulkan0 (type: 1)
whisper_backend_init_gpu: found GPU device 0: Vulkan0 (type: 1, cnt: 0)
whisper_backend_init_gpu: using Vulkan0 backend
whisper_init_state: kv self size  =   10.49 MB
whisper_init_state: kv cross size =   31.46 MB
whisper_init_state: kv pad  size  =    7.86 MB
whisper_init_state: compute buffer (conv)   =   37.69 MB
whisper_init_state: compute buffer (encode) =  219.99 MB
whisper_init_state: compute buffer (cross)  =   39.99 MB
whisper_init_state: compute buffer (decode) =  100.04 MB
whisper_full_with_state: auto-detected language: en (p = 0.991220)
transcribing  71%whisper_backend_init_gpu: device 0: Vulkan0 (type: 1)
whisper_backend_init_gpu: found GPU device 0: Vulkan0 (type: 1, cnt: 0)
whisper_backend_init_gpu: using Vulkan0 backend
whisper_init_state: kv self size  =   10.49 MB
whisper_init_state: kv cross size =   31.46 MB
whisper_init_state: kv pad  size  =    7.86 MB
whisper_init_state: compute buffer (conv)   =   37.69 MB
whisper_init_state: compute buffer (encode) =  219.99 MB
whisper_init_state: compute buffer (cross)  =   39.99 MB
whisper_init_state: compute buffer (decode) =  100.04 MB
whisper_full_with_state: auto-detected language: en (p = 0.999029)
transcribing  72%whisper_backend_init_gpu: device 0: Vulkan0 (type: 1)
whisper_backend_init_gpu: found GPU device 0: Vulkan0 (type: 1, cnt: 0)
whisper_backend_init_gpu: using Vulkan0 backend
whisper_init_state: kv self size  =   10.49 MB
whisper_init_state: kv cross size =   31.46 MB
whisper_init_state: kv pad  size  =    7.86 MB
whisper_init_state: compute buffer (conv)   =   37.69 MB
whisper_init_state: compute buffer (encode) =  219.99 MB
whisper_init_state: compute buffer (cross)  =   39.99 MB
whisper_init_state: compute buffer (decode) =  100.04 MB
whisper_full_with_state: auto-detected language: en (p = 0.999063)
transcribing  73%whisper_backend_init_gpu: device 0: Vulkan0 (type: 1)
whisper_backend_init_gpu: found GPU device 0: Vulkan0 (type: 1, cnt: 0)
whisper_backend_init_gpu: using Vulkan0 backend
whisper_init_state: kv self size  =   10.49 MB
whisper_init_state: kv cross size =   31.46 MB
whisper_init_state: kv pad  size  =    7.86 MB
whisper_init_state: compute buffer (conv)   =   37.69 MB
whisper_init_state: compute buffer (encode) =  219.99 MB
whisper_init_state: compute buffer (cross)  =   39.99 MB
whisper_init_state: compute buffer (decode) =  100.04 MB
whisper_full_with_state: auto-detected language: en (p = 0.995974)
transcribing  74%whisper_backend_init_gpu: device 0: Vulkan0 (type: 1)
whisper_backend_init_gpu: found GPU device 0: Vulkan0 (type: 1, cnt: 0)
whisper_backend_init_gpu: using Vulkan0 backend
whisper_init_state: kv self size  =   10.49 MB
whisper_init_state: kv cross size =   31.46 MB
whisper_init_state: kv pad  size  =    7.86 MB
whisper_init_state: compute buffer (conv)   =   37.69 MB
whisper_init_state: compute buffer (encode) =  219.99 MB
whisper_init_state: compute buffer (cross)  =   39.99 MB
whisper_init_state: compute buffer (decode) =  100.04 MB
whisper_full_with_state: auto-detected language: en (p = 0.906844)
transcribing  75%whisper_backend_init_gpu: device 0: Vulkan0 (type: 1)
whisper_backend_init_gpu: found GPU device 0: Vulkan0 (type: 1, cnt: 0)
whisper_backend_init_gpu: using Vulkan0 backend
whisper_init_state: kv self size  =   10.49 MB
whisper_init_state: kv cross size =   31.46 MB
whisper_init_state: kv pad  size  =    7.86 MB
whisper_init_state: compute buffer (conv)   =   37.69 MB
whisper_init_state: compute buffer (encode) =  219.99 MB
whisper_init_state: compute buffer (cross)  =   39.99 MB
whisper_init_state: compute buffer (decode) =  100.04 MB
whisper_full_with_state: auto-detected language: en (p = 0.724709)
transcribing  76%whisper_backend_init_gpu: device 0: Vulkan0 (type: 1)
whisper_backend_init_gpu: found GPU device 0: Vulkan0 (type: 1, cnt: 0)
whisper_backend_init_gpu: using Vulkan0 backend
whisper_init_state: kv self size  =   10.49 MB
whisper_init_state: kv cross size =   31.46 MB
whisper_init_state: kv pad  size  =    7.86 MB
whisper_init_state: compute buffer (conv)   =   37.69 MB
whisper_init_state: compute buffer (encode) =  219.99 MB
whisper_init_state: compute buffer (cross)  =   39.99 MB
whisper_init_state: compute buffer (decode) =  100.04 MB
whisper_full_with_state: auto-detected language: it (p = 0.568367)
transcribing  77%whisper_backend_init_gpu: device 0: Vulkan0 (type: 1)
whisper_backend_init_gpu: found GPU device 0: Vulkan0 (type: 1, cnt: 0)
whisper_backend_init_gpu: using Vulkan0 backend
whisper_init_state: kv self size  =   10.49 MB
whisper_init_state: kv cross size =   31.46 MB
whisper_init_state: kv pad  size  =    7.86 MB
whisper_init_state: compute buffer (conv)   =   37.69 MB
whisper_init_state: compute buffer (encode) =  219.99 MB
whisper_init_state: compute buffer (cross)  =   39.99 MB
whisper_init_state: compute buffer (decode) =  100.04 MB
whisper_full_with_state: auto-detected language: en (p = 0.995355)
transcribing  78%whisper_backend_init_gpu: device 0: Vulkan0 (type: 1)
whisper_backend_init_gpu: found GPU device 0: Vulkan0 (type: 1, cnt: 0)
whisper_backend_init_gpu: using Vulkan0 backend
whisper_init_state: kv self size  =   10.49 MB
whisper_init_state: kv cross size =   31.46 MB
whisper_init_state: kv pad  size  =    7.86 MB
whisper_init_state: compute buffer (conv)   =   37.69 MB
whisper_init_state: compute buffer (encode) =  219.99 MB
whisper_init_state: compute buffer (cross)  =   39.99 MB
whisper_init_state: compute buffer (decode) =  100.04 MB
whisper_full_with_state: auto-detected language: en (p = 0.972857)
transcribing  79%whisper_backend_init_gpu: device 0: Vulkan0 (type: 1)
whisper_backend_init_gpu: found GPU device 0: Vulkan0 (type: 1, cnt: 0)
whisper_backend_init_gpu: using Vulkan0 backend
whisper_init_state: kv self size  =   10.49 MB
whisper_init_state: kv cross size =   31.46 MB
whisper_init_state: kv pad  size  =    7.86 MB
whisper_init_state: compute buffer (conv)   =   37.69 MB
whisper_init_state: compute buffer (encode) =  219.99 MB
whisper_init_state: compute buffer (cross)  =   39.99 MB
whisper_init_state: compute buffer (decode) =  100.04 MB
whisper_full_with_state: auto-detected language: en (p = 0.999408)
transcribing  80%whisper_backend_init_gpu: device 0: Vulkan0 (type: 1)
whisper_backend_init_gpu: found GPU device 0: Vulkan0 (type: 1, cnt: 0)
whisper_backend_init_gpu: using Vulkan0 backend
whisper_init_state: kv self size  =   10.49 MB
whisper_init_state: kv cross size =   31.46 MB
whisper_init_state: kv pad  size  =    7.86 MB
whisper_init_state: compute buffer (conv)   =   37.69 MB
whisper_init_state: compute buffer (encode) =  219.99 MB
whisper_init_state: compute buffer (cross)  =   39.99 MB
whisper_init_state: compute buffer (decode) =  100.04 MB
whisper_full_with_state: auto-detected language: en (p = 0.980041)
transcribing  81%whisper_backend_init_gpu: device 0: Vulkan0 (type: 1)
whisper_backend_init_gpu: found GPU device 0: Vulkan0 (type: 1, cnt: 0)
whisper_backend_init_gpu: using Vulkan0 backend
whisper_init_state: kv self size  =   10.49 MB
whisper_init_state: kv cross size =   31.46 MB
whisper_init_state: kv pad  size  =    7.86 MB
whisper_init_state: compute buffer (conv)   =   37.69 MB
whisper_init_state: compute buffer (encode) =  219.99 MB
whisper_init_state: compute buffer (cross)  =   39.99 MB
whisper_init_state: compute buffer (decode) =  100.04 MB
whisper_full_with_state: auto-detected language: en (p = 0.999804)
transcribing  82%whisper_backend_init_gpu: device 0: Vulkan0 (type: 1)
whisper_backend_init_gpu: found GPU device 0: Vulkan0 (type: 1, cnt: 0)
whisper_backend_init_gpu: using Vulkan0 backend
whisper_init_state: kv self size  =   10.49 MB
whisper_init_state: kv cross size =   31.46 MB
whisper_init_state: kv pad  size  =    7.86 MB
whisper_init_state: compute buffer (conv)   =   37.69 MB
whisper_init_state: compute buffer (encode) =  219.99 MB
whisper_init_state: compute buffer (cross)  =   39.99 MB
whisper_init_state: compute buffer (decode) =  100.04 MB
whisper_full_with_state: auto-detected language: en (p = 0.999823)
transcribing  83%whisper_backend_init_gpu: device 0: Vulkan0 (type: 1)
whisper_backend_init_gpu: found GPU device 0: Vulkan0 (type: 1, cnt: 0)
whisper_backend_init_gpu: using Vulkan0 backend
whisper_init_state: kv self size  =   10.49 MB
whisper_init_state: kv cross size =   31.46 MB
whisper_init_state: kv pad  size  =    7.86 MB
whisper_init_state: compute buffer (conv)   =   37.69 MB
whisper_init_state: compute buffer (encode) =  219.99 MB
whisper_init_state: compute buffer (cross)  =   39.99 MB
whisper_init_state: compute buffer (decode) =  100.04 MB
whisper_full_with_state: auto-detected language: en (p = 0.995009)
transcribing  84%whisper_backend_init_gpu: device 0: Vulkan0 (type: 1)
whisper_backend_init_gpu: found GPU device 0: Vulkan0 (type: 1, cnt: 0)
whisper_backend_init_gpu: using Vulkan0 backend
whisper_init_state: kv self size  =   10.49 MB
whisper_init_state: kv cross size =   31.46 MB
whisper_init_state: kv pad  size  =    7.86 MB
whisper_init_state: compute buffer (conv)   =   37.69 MB
whisper_init_state: compute buffer (encode) =  219.99 MB
whisper_init_state: compute buffer (cross)  =   39.99 MB
whisper_init_state: compute buffer (decode) =  100.04 MB
whisper_full_with_state: auto-detected language: en (p = 0.999652)
transcribing  85%whisper_backend_init_gpu: device 0: Vulkan0 (type: 1)
whisper_backend_init_gpu: found GPU device 0: Vulkan0 (type: 1, cnt: 0)
whisper_backend_init_gpu: using Vulkan0 backend
whisper_init_state: kv self size  =   10.49 MB
whisper_init_state: kv cross size =   31.46 MB
whisper_init_state: kv pad  size  =    7.86 MB
whisper_init_state: compute buffer (conv)   =   37.69 MB
whisper_init_state: compute buffer (encode) =  219.99 MB
whisper_init_state: compute buffer (cross)  =   39.99 MB
whisper_init_state: compute buffer (decode) =  100.04 MB
whisper_full_with_state: auto-detected language: en (p = 0.991827)
transcribing  86%whisper_backend_init_gpu: device 0: Vulkan0 (type: 1)
whisper_backend_init_gpu: found GPU device 0: Vulkan0 (type: 1, cnt: 0)
whisper_backend_init_gpu: using Vulkan0 backend
whisper_init_state: kv self size  =   10.49 MB
whisper_init_state: kv cross size =   31.46 MB
whisper_init_state: kv pad  size  =    7.86 MB
whisper_init_state: compute buffer (conv)   =   37.69 MB
whisper_init_state: compute buffer (encode) =  219.99 MB
whisper_init_state: compute buffer (cross)  =   39.99 MB
whisper_init_state: compute buffer (decode) =  100.04 MB
whisper_full_with_state: auto-detected language: en (p = 0.998298)
transcribing  87%whisper_backend_init_gpu: device 0: Vulkan0 (type: 1)
whisper_backend_init_gpu: found GPU device 0: Vulkan0 (type: 1, cnt: 0)
whisper_backend_init_gpu: using Vulkan0 backend
whisper_init_state: kv self size  =   10.49 MB
whisper_init_state: kv cross size =   31.46 MB
whisper_init_state: kv pad  size  =    7.86 MB
whisper_init_state: compute buffer (conv)   =   37.69 MB
whisper_init_state: compute buffer (encode) =  219.99 MB
whisper_init_state: compute buffer (cross)  =   39.99 MB
whisper_init_state: compute buffer (decode) =  100.04 MB
whisper_full_with_state: auto-detected language: en (p = 0.991568)
transcribing  88%whisper_backend_init_gpu: device 0: Vulkan0 (type: 1)
whisper_backend_init_gpu: found GPU device 0: Vulkan0 (type: 1, cnt: 0)
whisper_backend_init_gpu: using Vulkan0 backend
whisper_init_state: kv self size  =   10.49 MB
whisper_init_state: kv cross size =   31.46 MB
whisper_init_state: kv pad  size  =    7.86 MB
whisper_init_state: compute buffer (conv)   =   37.69 MB
whisper_init_state: compute buffer (encode) =  219.99 MB
whisper_init_state: compute buffer (cross)  =   39.99 MB
whisper_init_state: compute buffer (decode) =  100.04 MB
whisper_full_with_state: auto-detected language: en (p = 0.994301)
transcribing  89%whisper_backend_init_gpu: device 0: Vulkan0 (type: 1)
whisper_backend_init_gpu: found GPU device 0: Vulkan0 (type: 1, cnt: 0)
whisper_backend_init_gpu: using Vulkan0 backend
whisper_init_state: kv self size  =   10.49 MB
whisper_init_state: kv cross size =   31.46 MB
whisper_init_state: kv pad  size  =    7.86 MB
whisper_init_state: compute buffer (conv)   =   37.69 MB
whisper_init_state: compute buffer (encode) =  219.99 MB
whisper_init_state: compute buffer (cross)  =   39.99 MB
whisper_init_state: compute buffer (decode) =  100.04 MB
whisper_full_with_state: auto-detected language: en (p = 0.790686)
transcribing  90%whisper_backend_init_gpu: device 0: Vulkan0 (type: 1)
whisper_backend_init_gpu: found GPU device 0: Vulkan0 (type: 1, cnt: 0)
whisper_backend_init_gpu: using Vulkan0 backend
whisper_init_state: kv self size  =   10.49 MB
whisper_init_state: kv cross size =   31.46 MB
whisper_init_state: kv pad  size  =    7.86 MB
whisper_init_state: compute buffer (conv)   =   37.69 MB
whisper_init_state: compute buffer (encode) =  219.99 MB
whisper_init_state: compute buffer (cross)  =   39.99 MB
whisper_init_state: compute buffer (decode) =  100.04 MB
whisper_full_with_state: auto-detected language: en (p = 0.999790)
transcribing  91%whisper_backend_init_gpu: device 0: Vulkan0 (type: 1)
whisper_backend_init_gpu: found GPU device 0: Vulkan0 (type: 1, cnt: 0)
whisper_backend_init_gpu: using Vulkan0 backend
whisper_init_state: kv self size  =   10.49 MB
whisper_init_state: kv cross size =   31.46 MB
whisper_init_state: kv pad  size  =    7.86 MB
whisper_init_state: compute buffer (conv)   =   37.69 MB
whisper_init_state: compute buffer (encode) =  219.99 MB
whisper_init_state: compute buffer (cross)  =   39.99 MB
whisper_init_state: compute buffer (decode) =  100.04 MB
whisper_full_with_state: auto-detected language: en (p = 0.999207)
transcribing  92%whisper_backend_init_gpu: device 0: Vulkan0 (type: 1)
whisper_backend_init_gpu: found GPU device 0: Vulkan0 (type: 1, cnt: 0)
whisper_backend_init_gpu: using Vulkan0 backend
whisper_init_state: kv self size  =   10.49 MB
whisper_init_state: kv cross size =   31.46 MB
whisper_init_state: kv pad  size  =    7.86 MB
whisper_init_state: compute buffer (conv)   =   37.69 MB
whisper_init_state: compute buffer (encode) =  219.99 MB
whisper_init_state: compute buffer (cross)  =   39.99 MB
whisper_init_state: compute buffer (decode) =  100.04 MB
whisper_full_with_state: auto-detected language: en (p = 0.915773)
transcribing  93%whisper_backend_init_gpu: device 0: Vulkan0 (type: 1)
whisper_backend_init_gpu: found GPU device 0: Vulkan0 (type: 1, cnt: 0)
whisper_backend_init_gpu: using Vulkan0 backend
whisper_init_state: kv self size  =   10.49 MB
whisper_init_state: kv cross size =   31.46 MB
whisper_init_state: kv pad  size  =    7.86 MB
whisper_init_state: compute buffer (conv)   =   37.69 MB
whisper_init_state: compute buffer (encode) =  219.99 MB
whisper_init_state: compute buffer (cross)  =   39.99 MB
whisper_init_state: compute buffer (decode) =  100.04 MB
whisper_full_with_state: auto-detected language: en (p = 0.922218)
transcribing  94%whisper_backend_init_gpu: device 0: Vulkan0 (type: 1)
whisper_backend_init_gpu: found GPU device 0: Vulkan0 (type: 1, cnt: 0)
whisper_backend_init_gpu: using Vulkan0 backend
whisper_init_state: kv self size  =   10.49 MB
whisper_init_state: kv cross size =   31.46 MB
whisper_init_state: kv pad  size  =    7.86 MB
whisper_init_state: compute buffer (conv)   =   37.69 MB
whisper_init_state: compute buffer (encode) =  219.99 MB
whisper_init_state: compute buffer (cross)  =   39.99 MB
whisper_init_state: compute buffer (decode) =  100.04 MB
whisper_full_with_state: auto-detected language: en (p = 0.987814)
transcribing  95%whisper_backend_init_gpu: device 0: Vulkan0 (type: 1)
whisper_backend_init_gpu: found GPU device 0: Vulkan0 (type: 1, cnt: 0)
whisper_backend_init_gpu: using Vulkan0 backend
whisper_init_state: kv self size  =   10.49 MB
whisper_init_state: kv cross size =   31.46 MB
whisper_init_state: kv pad  size  =    7.86 MB
whisper_init_state: compute buffer (conv)   =   37.69 MB
whisper_init_state: compute buffer (encode) =  219.99 MB
whisper_init_state: compute buffer (cross)  =   39.99 MB
whisper_init_state: compute buffer (decode) =  100.04 MB
whisper_full_with_state: auto-detected language: en (p = 0.991421)
transcribing  96%whisper_backend_init_gpu: device 0: Vulkan0 (type: 1)
whisper_backend_init_gpu: found GPU device 0: Vulkan0 (type: 1, cnt: 0)
whisper_backend_init_gpu: using Vulkan0 backend
whisper_init_state: kv self size  =   10.49 MB
whisper_init_state: kv cross size =   31.46 MB
whisper_init_state: kv pad  size  =    7.86 MB
whisper_init_state: compute buffer (conv)   =   37.69 MB
whisper_init_state: compute buffer (encode) =  219.99 MB
whisper_init_state: compute buffer (cross)  =   39.99 MB
whisper_init_state: compute buffer (decode) =  100.04 MB
whisper_full_with_state: auto-detected language: en (p = 0.987597)
transcribing  97%whisper_backend_init_gpu: device 0: Vulkan0 (type: 1)
whisper_backend_init_gpu: found GPU device 0: Vulkan0 (type: 1, cnt: 0)
whisper_backend_init_gpu: using Vulkan0 backend
whisper_init_state: kv self size  =   10.49 MB
whisper_init_state: kv cross size =   31.46 MB
whisper_init_state: kv pad  size  =    7.86 MB
whisper_init_state: compute buffer (conv)   =   37.69 MB
whisper_init_state: compute buffer (encode) =  219.99 MB
whisper_init_state: compute buffer (cross)  =   39.99 MB
whisper_init_state: compute buffer (decode) =  100.04 MB
whisper_full_with_state: auto-detected language: en (p = 0.995058)
transcribing  98%whisper_backend_init_gpu: device 0: Vulkan0 (type: 1)
whisper_backend_init_gpu: found GPU device 0: Vulkan0 (type: 1, cnt: 0)
whisper_backend_init_gpu: using Vulkan0 backend
whisper_init_state: kv self size  =   10.49 MB
whisper_init_state: kv cross size =   31.46 MB
whisper_init_state: kv pad  size  =    7.86 MB
whisper_init_state: compute buffer (conv)   =   37.69 MB
whisper_init_state: compute buffer (encode) =  219.99 MB
whisper_init_state: compute buffer (cross)  =   39.99 MB
whisper_init_state: compute buffer (decode) =  100.04 MB
whisper_full_with_state: auto-detected language: en (p = 0.897229)
transcribing  99%whisper_backend_init_gpu: device 0: Vulkan0 (type: 1)
whisper_backend_init_gpu: found GPU device 0: Vulkan0 (type: 1, cnt: 0)
whisper_backend_init_gpu: using Vulkan0 backend
whisper_init_state: kv self size  =   10.49 MB
whisper_init_state: kv cross size =   31.46 MB
whisper_init_state: kv pad  size  =    7.86 MB
whisper_init_state: compute buffer (conv)   =   37.69 MB
whisper_init_state: compute buffer (encode) =  219.99 MB
whisper_init_state: compute buffer (cross)  =   39.99 MB
whisper_init_state: compute buffer (decode) =  100.04 MB
whisper_full_with_state: auto-detected language: en (p = 0.965540)
transcribing 100%[2m2026-08-19T15:29:22.738812Z[0m [32m INFO[0m [2munottr_core::dump[0m[2m:[0m dumped [3mpath[0m[2m=[0m/home/naresh/Desktop/projects-next/unottr/fixtures/corpus-03/utterances.json

103 chunks (0 resumed), 585 segments, 2049.3s speech on Gpu
88.6s wall, 23.1x realtime over speech
